muon_energy_at_detector,q_tot,muon_zenith,muon_azimuth,muon_time,muon_pos_x,muon_pos_y,muon_pos_z,spline_mpe_zenith,spline_mpe_azimuth,spline_mpe_time,spline_mpe_pos_x,spline_mpe_pos_y,spline_mpe_pos_z,linefit_zenith,linefit_azimuth,linefit_time,linefit_pos_x,linefit_pos_y,linefit_pos_z,reco_logl,reco_zenith,reco_azimuth,reco_pos_x,reco_pos_y,reco_pos_z,reco_time
3527.589982845602,92.14999961853027,2.9475699692920716,4.005203634784005,1220.4817206636071,-380.4860026710667,55.13372996589169,-2989.6176320798695,2.965524747631681,4.02716403239056,11515.950095052069,7.4827465863261295,505.7082222054387,36.255875990776076,3.016598925683478,4.06398232815208,11695.078742334641,8.387672630485802,491.9813702290282,33.276628616908155,914.753311975061,2.9531452371417375,4.031867762089191,4.797491246777586,507.73318485983003,35.117148851325005,11500.341900229378
9372.807963603875,287.75000247359276,2.287438538979619,5.127815320227262,-4094.6153221204877,1641.4461167112458,-3296.9253300409764,-2937.1339693814516,2.286308775863626,5.131488297179505,11774.137062088477,194.77539582987856,-15.874516534320946,188.9053093723228,2.287093465916623,5.118173476336416,11893.681472272747,190.04727459745737,-20.29246933167326,187.4571217865978,696.3185975775901,2.2874033330635344,5.13066799673165,192.10779661529295,-9.63579369371007,194.53130539487827,11804.20778806222
9601.3810860113,159.10000038146973,2.626402077746052,5.778290479021154,-4058.99133374542,2031.4533713378478,-576.3290668518166,-4097.157862166874,2.616683168653373,5.780456083313851,10200.03233347227,186.72142876717226,442.5216695349595,-377.31323013552424,2.7749879461366227,6.1955305108660745,10501.035354181171,193.74293170513295,429.727457802995,-376.8216692972803,791.1912288182328,2.615278692630413,5.775531100160415,183.8398659279013,443.0560721731344,-373.7577286118921,10211.561669970644
1770.4330030977726,95.65000014007092,2.4063668063469774,4.954286339329318,-4758.041130196303,926.0873211517173,-3054.8446183466585,-3751.277517598239,2.408906251280665,4.960347991036906,11598.12153921767,137.68137619537947,136.9546787261902,-114.74607902737148,2.392433514836834,4.93911147584549,12056.426054397642,140.09901248661802,156.57895349281125,-76.79720720842465,752.9348496901617,2.408731786384062,4.961500694059385,117.933489380337,213.3181301167484,-28.349483721402834,11988.005001766061
2294.0494127207567,55.87500001490116,2.6817314706919197,2.4401770321083873,-472.87554881721735,-953.5339022420812,1178.3637373310048,-3216.342424551025,2.678574052116013,2.4170446782647157,11745.644803440646,287.12438671776863,131.24293766069877,64.3522090608385,2.6368389595715582,2.4429758356072115,12195.111148883481,288.8501401423347,132.86515398190542,61.15734252011936,819.1829277314414,2.6803806527015412,2.422409676740299,313.40544726713955,107.71366645677844,132.5407140491443,12000.37430677822
4618.790418851546,107.95000058412552,1.7705955990436448,4.614625853187305,-14889.418125394732,-458.3823134294653,-7672.366385913454,-1352.6476630972466,1.7679813269806868,4.61264331768453,11488.18249612982,296.7390548152398,40.91576239531969,216.8047707891742,1.762209886013008,4.607895162443942,11763.912442409384,291.2630967410348,36.10413248984592,222.09424765209312,726.5626318763068,1.7683555257828008,4.612581268051811,299.2434883293971,58.899159565304,220.48540814150704,11548.122968725173
3378.4089209248777,52.0999998152256,2.427864982035039,1.7476443167885876,-2578.1156884394586,-77.45469902895275,2532.061898775981,-3214.8744841982843,2.42397262582394,1.7456426792522524,10553.203878076672,374.9356263929294,-2.752847325197081,-238.57049010125297,2.427506359834162,1.7711867313201544,10984.81122516231,383.36061791215093,7.181817093686532,-238.71391551082718,907.5748135239875,2.425417828685525,1.7469212242625287,379.48982129321575,-28.670182860211213,-209.18106339890898,10684.81122516231
1640.4391303570155,91.3500008136034,2.610372483840923,4.061042189738818,-8161.936600849032,-1672.6291444231756,-2332.783491485752,-5071.297280845232,2.61036211678149,4.0667481316692164,10789.309171134233,71.30358153992347,-45.06092374398395,-173.3182253229229,2.6043602924249387,4.073503773480017,11652.331868817333,118.3424141015521,23.305664347077105,-21.712684924955003,755.018869456869,2.6103480370248713,4.062733340720255,141.4915907935547,47.811474916927146,24.015443156335206,11552.331868817335
3179.7126227287436,166.85000072419643,2.819544360714717,1.5742597575838246,7932.121295154095,-272.3237254003725,597.8502740869299,-902.8826162107289,2.809139354800295,1.5435669826161051,10570.78660111718,-265.70012859889835,347.1503951712548,-151.82035358872918,2.8244659347368057,1.5173493508750429,10703.392298407525,-268.4224651814244,347.46268980994273,-154.6595784384156,987.0872563584138,2.811860093286136,1.6015767598058903,-273.4789709444994,350.92526560073935,-162.85332036773877,10529.708087881208
9929.287951371924,126.64999994635582,2.6029493157532033,4.724224361867643,-4714.465709038079,326.4203614229209,-1963.0637100653257,-4207.797371360473,2.6087875866655073,4.711905627002679,10412.116390404319,298.2912908150038,363.11311688589376,-314.20199647584855,2.7709251498064518,4.7416714848752965,10619.27650867254,301.60169758460955,355.8678687026727,-313.2541919715786,902.2921867192963,2.6057114290552716,4.715687349416715,298.2479302700415,365.2757693516878,-311.1824250658175,10424.539666567276
5665.460404325277,63.00000041723251,2.4187880776475392,4.140967895679141,-6821.28970316425,-1695.1638488880126,-2562.3811494119,-4235.454550264403,2.4086332272498403,4.194314717734075,10245.311820930927,133.63545581924882,282.2137968051911,-395.30996554615444,2.181632514803158,4.272878517380359,10830.223929416465,143.5091573443199,285.14948095093547,-351.1733314895803,964.8573630148271,2.41261538939703,4.150681075145391,177.26789286024825,349.99480888197616,-307.6133429077354,10646.013403100675
9599.412196964735,132.424999371171,2.309894002221654,4.786489033872489,-3547.4338651895523,401.4144472142507,-3381.4325670027174,-2516.3502496751025,2.3491989666734967,4.809328732848398,10368.32350561228,170.73617472100932,-313.2216872950985,295.910628820674,2.214548453445249,4.712648052661297,10685.653667854334,159.38467452726042,-313.0281772195577,290.69740795296707,824.519812278493,2.334513585925681,4.796145869188398,168.45519743337513,-259.3560566736151,345.68044160548993,10606.706299433281
3151.8214554772712,45.67500016093254,2.218778692945052,3.8777069644776696,-9246.442961014807,-3459.6033907621168,-3126.641312971362,-3877.380340124131,2.2187984039581243,3.872179984319393,10455.371369093325,30.59082093609709,35.41623995848113,-313.099399751271,2.236063018309746,3.8496356722108502,10943.034557858706,63.47530314175703,58.27133788512007,-277.83071327319635,963.1713502153088,2.2191302754460795,3.872104975353413,82.70629443834055,81.88626652648531,-260.2509877224549,10748.297715753442
1366.2150583339971,46.325000166893005,2.531680285455665,3.718176450026661,-5570.448920547962,-2555.2707423237152,-1738.7496764364187,-4268.07353471173,2.525810776633419,3.7208536466680764,11360.971212295966,-117.87411396077891,-153.7628874857735,-108.61445385004072,2.487884244667544,3.670514678087243,10939.603494643778,-238.29387331121745,-236.2740205849668,-288.53701547258214,987.6219318477787,2.5272429946369788,3.7179075238124457,-221.72665214727311,-221.28014267139514,-285.13421151262975,10639.603494643778
9658.243608533638,242.5500001758337,2.4518442530222893,1.735349618400722,-8245.427149489522,-96.35281298944028,3549.0233419192955,-4643.789065897465,2.451845389617767,1.6757870308730138,10332.569391648132,483.95416351211225,51.908847222478926,-346.2057888054869,2.5069010899739634,1.6876290076795804,10561.356837858151,479.38973684798964,59.75009721197807,-340.7901961846736,775.7425307730698,2.4509906530050465,1.6818763737673328,486.4045580833887,27.55593085735275,-316.66602924865816,10461.356837858151
4181.757247093439,264.94999973475933,2.684616262199925,2.254441034292631,1038.2192309349775,-675.2997240270488,1211.3142895491328,-2795.045982819982,2.685050526277985,2.2558097206323193,11477.570088235838,194.47845616221548,139.65026747258116,11.917611936482444,2.7009922007140714,2.3122759594906452,11573.106709657954,189.16926572426678,136.89166593449212,1.1929408390810015,1341.8383461053454,2.6832595947304116,2.2559792291778105,199.1411320459526,139.2692167771826,18.803948906070804,11494.159341236902
9809.616472429734,90.799999833107,2.8489230566022177,4.5647179698532705,1157.1515303701162,-139.37969186500413,-1277.3343063313514,-3092.816974930465,2.84734292494586,4.564647162957208,11631.14861059036,-3.4691589116323485,-381.98871613923234,-88.31429379488009,2.8528555994343,4.658305565196376,11949.247066256994,-7.608491692363783,-385.7812748443093,-99.18233022846728,1438.9367787126262,2.842434880095087,4.55314690577233,-2.69629449201749,-368.4753050370938,-51.79397388237731,11754.51022415173
3844.4092408530414,80.52499990165234,1.498857247289264,2.328219560635752,-87482.8547229117,-20179.289186486323,21619.57582466593,1760.9683395735042,1.5014792349867294,2.3284057293170113,11586.425558070376,173.60924215827754,95.53973768507649,-374.0486221563358,1.4923382845578614,2.32219889526039,11914.240230049132,157.07821887205915,118.83505135024483,-351.22628887542004,1308.9024284842485,1.4987797478493046,2.3290356698910206,179.8660743170663,89.07878387599716,-373.2506461714177,11614.240230049132
2536.3914072144544,232.69999995827675,2.4655584461864217,4.235812591381043,-8541.826063230634,-1325.932043415436,-3104.4466273996513,-4774.8053550238255,2.470662048323974,4.236897922001806,10560.423756430338,318.37095604886963,78.40979338855868,-307.819781956317,2.4660631727640925,4.386806939218944,10831.28180172523,309.75765668472525,65.50703774767125,-300.1744592352561,1369.6661245666066,2.4698201332223046,4.238171398130237,325.7122362411957,93.28239594625212,-288.23492677489736,10647.071275409442
3348.7787223020277,178.40000055730343,2.6923716489868985,3.2852978552389507,200.10744221508503,-1042.4248832853045,-84.42580624265247,-3070.4705795217305,2.6958757248608736,3.2915139751727436,11738.072043223661,444.3008157759191,130.36228384416927,45.74174534985468,2.700465312851481,3.2189099071065166,11939.87345710223,432.457053201318,126.53990687456215,39.95468883858032,1360.9611550803663,2.693501882752221,3.2898924749563374,446.0949444966687,130.4292425607271,47.1405706571503,11745.136614996967
2626.230438672006,120.424999833107,2.7919260326245796,3.6458493803282375,-5000.331547006965,-1854.116090481286,-709.5424639885314,-4623.519427061081,2.786965458092632,3.6464101533899718,10957.295788435764,-420.63382683356735,82.06184468016409,-128.46056413189308,2.736817565113943,3.6099130965610726,11258.858045551964,-413.01094515276117,79.71482162239998,-134.18765714429412,1436.7726589820077,2.7910960154784976,3.6506336279896794,-411.07542823253044,86.67981630499774,-101.40266693122955,11053.594887657227
3697.854227737226,477.699999243021,1.6382690919567513,2.4937780018798463,-39730.09931221744,-11961.270904464822,9407.498796381231,-638.0824051464406,1.63460177066166,2.488943523675419,10627.965085448981,46.029073582034925,317.3730619515577,380.8174700766099,1.6657940485954543,2.4685698056782326,10844.605212094084,42.156553377022945,327.6339417918274,383.35475829904783,1198.1922930278497,1.6332618735045017,2.4898537500762696,48.283224718280685,315.31942001161593,381.6297391918982,10639.342054199347
6206.114121184219,126.47500130534172,1.641065383621045,5.256385735639901,-40693.71305522276,8233.716638089798,-13189.7860346667,-962.6888287498296,1.6473268654852045,5.247380458650362,11410.661598569419,166.77893796264425,142.00908994387964,133.22959612472778,1.640264253606009,5.267559696982603,11632.402013904546,176.03127076246784,130.3254562096902,141.44615995582723,1430.257200380959,1.6456262185949337,5.248672361757214,166.9230742225467,140.74632225965826,133.18675137479434,11406.086224430863
1646.1325912329485,126.97500014305115,2.5792163313910956,3.368099247792861,-4377.76430375129,-2116.6762252030894,-653.6641891456675,-4080.3216406535357,2.5814342481197183,3.359712582098183,10791.877002937626,246.3066292073231,-109.29161181494533,-233.7176303893507,2.5848212705210996,3.3360175482818626,11151.912604460951,265.5424711892983,-106.39112918500234,-196.02451674953167,1299.4161366286796,2.581493763743251,3.365638055328357,288.6133290018354,-99.61145910036866,-164.87290999667206,11062.438920250424
7244.926864700858,169.1499996036291,2.08545133805584,5.1846558003476115,-8215.788630980998,2524.647012703703,-4571.932751652785,-2815.7556414648425,2.0841548512083676,5.184294180026283,11623.380549153673,168.96840370939935,37.857472639064554,112.49601441563573,2.0942018680072594,5.170913315275402,11856.064002583824,164.30053062958453,31.972919731084197,115.50607812077419,1262.9690105554657,2.0842524958053903,5.184734922499696,177.00535207447825,22.5500758449608,102.3911839571561,11556.064002583824
7979.710652844311,87.85000012814999,2.699366339614836,1.9720919301042805,539.5580885335803,-686.3369667817606,1546.0217640809715,-3010.361286013387,2.697818129695686,1.9631244744100143,11355.779154971218,-145.8362832771868,271.0853545175619,-79.85141262134584,2.6875837487022274,1.9168296597415337,11644.988064728794,-141.97650513909582,290.4612618255831,-96.07306914691493,1400.7261917392252,2.697423733859721,1.9649331065151825,-136.1943648566211,248.41904260093247,-31.311222191254195,11534.46174893932
1075.4278835412333,33.39999961853027,2.0402115065840603,5.930111032157303,-5042.626509800553,4171.761275495788,-1028.8257824198372,-1979.2650651401382,2.046200751551605,5.944732540043157,10334.775455312974,312.7862413595376,393.41575833737807,106.8291473081963,2.0405117874013072,5.935182606581588,10546.477368587644,314.67874750520826,391.22958070155937,107.92366227964519,248.23760239205444,2.0441184620274093,5.9390859992638765,270.46885823371576,406.93437562395206,129.2399119279944,10499.108947535013
5913.296791231958,17.5999998152256,1.8058412883956236,0.0001196567407042437,-14287.13851840794,7517.617125683464,-33.98812842078871,-2006.900041295099,1.8138482602519912,0.013280895470801971,11037.11583612638,133.94809337767356,-36.04618670141576,-238.86097033654687,1.757154636827027,6.132227261997574,11029.662801863704,204.62509860106408,-30.703928298371512,-259.0235108062179,251.56567732664786,1.8185638866500804,6.300464677774057,222.6953561862108,-35.30545130710648,-261.5881327384764,10729.662801863704
5328.779032902152,16.100000008940697,2.3221857367383887,0.16345799898186364,-2372.990359354764,3177.109998196538,492.3408563576086,-2837.961829367501,2.2674899158216886,0.2123902636624942,10387.950691561296,427.7799564772763,30.91240907918359,-231.7416153991262,2.2895002279601138,0.21938824513252486,10642.260868398644,425.1427029710471,33.60871908522366,-236.52970647655587,223.93838165193952,2.2657849131893695,0.209320673624316,416.3028340653161,28.748119537929025,-222.3260367728593,10436.997710503907
7548.87745925691,30.924999862909317,1.9853304705862729,5.336168956912676,-13788.360892113298,4304.745151384734,-5203.965402916074,-3020.4468807817902,1.9760792766252921,5.332512729226982,10465.900927062099,415.8745272720639,198.04049718640272,-91.930184678459,1.957051346662868,5.434374703560313,10624.00601685795,415.6157490254324,193.82088756335193,-93.53252831689541,223.71825937123455,1.9797137450621116,5.3361836425557145,409.0289621662964,208.68310281692422,-86.3029668043242,10513.479701068478
2229.5000945496395,68.62500001490116,2.8264526122627083,3.5668144769900465,-51.184196159243584,-1020.2699187996332,-934.5582578932517,-3201.9005846539512,2.8308460595821714,3.0878253958398334,10983.188927593279,-91.68768256068483,-476.5130192529359,-58.376735331276905,2.8202356304658247,3.3227539457652635,11149.125730318765,-93.97922362423995,-486.92390844341116,-59.20138084380429,315.5794094507699,2.8339370352849773,3.548538267550346,-80.41858847543615,-509.6621236504594,-42.339821500467586,11038.599414529293
3674.615020984551,24.47500005364418,1.9528537599459395,5.403361529073193,-4663.608522569761,2933.8648809977603,-3481.877872586774,-1299.9819357335946,1.9624733855102103,5.502033930295382,10823.058535665125,175.9995889991119,-196.9915660645854,428.75565799171227,1.8939532477778487,5.4616185193555316,11092.623138673494,175.87864147727365,-196.3335844173921,419.645652792121,392.58533006813406,1.9525686629193115,5.266207499068376,159.50172996275285,-154.45047651854358,445.97051567913144,10971.570507094548
5521.809639905579,33.174999848008156,1.600843279798411,5.081846118383817,-71525.81246009725,9309.079628294043,-22801.117852465715,-712.8356123740996,1.5927902194831363,5.09531663714042,10735.373332267707,407.57825409434236,185.47277249296985,28.350537913915332,1.6130547685839063,5.203540334950437,11016.299886431061,414.2550618329598,183.2731158649293,40.72967663652864,407.3038061809005,1.594870356250209,5.096071339629909,396.1570257663967,212.14021324565294,29.323795863416446,10832.089360115271
3802.80441105715,25.77500009536743,1.911642351692971,2.1054580411314934,-11198.891217019409,-2960.605328547652,5405.787540613208,-2124.657050737136,1.9077717530861535,2.1030960570915176,10766.48822926525,200.53098650370794,69.05417330196633,78.19658298542936,1.9297805448503058,2.1776484877090287,11095.034330281198,206.09898656188693,78.84653560126957,86.60405068167202,340.11816605895586,1.9071861420892597,2.1031696831498525,221.39129184892363,33.72019014117361,92.12826219649295,10910.82380396541
2380.6610954119824,167.62499894201756,2.758594650040662,4.962340582367428,-7555.5545457825065,230.89008431736147,-2427.119979046751,-5221.28821240738,2.7757450109067743,4.973728410386771,10158.864876845722,-259.90041224585434,-504.8979528684115,-294.7618706168896,2.731016231781823,4.906071493780901,10224.376787638994,-260.49938541792864,-502.03600337654177,-296.73030148028994,322.81974863513165,2.7715509437532644,4.966740622803185,-259.40887495087134,-508.50655647688416,-304.4992861355186,10124.376787638994
1799.1531689641997,22.95000010728836,2.5014881319953823,4.653322555649314,-2686.82548032701,-220.4151704511023,-1844.7954784114845,-3407.892908134032,2.4974042989838976,4.689402895946351,10104.53820636787,-87.99575648111045,437.96663775515526,-334.1345020824233,2.2703218571518526,4.854303907866726,10545.624082693967,-127.65911743241472,425.0342469487113,-331.9882251575885,441.7567162727204,2.515335578978534,4.660024653752342,-82.45979652926276,469.55574304997674,-291.5213291075502,10266.676714272913
7949.373434745066,125.15000054240227,2.388331400920153,0.46935705087347657,-5286.121655896306,3319.602522775298,1599.5978195136413,-3032.326495191548,2.462849231893549,0.4426498790279404,10331.21233084269,488.63552210211856,146.57525356013275,375.52499839970596,2.26018763604828,0.27141644941096565,10450.523262258055,488.44219612051137,137.44297346017208,362.81821369084673,365.4466949621988,2.4655312223966,0.43690866079838103,518.3794369046901,161.81955474833936,333.66653250826676,10150.523262258055
1135.0246487128024,21.42500001192093,2.0463943718023896,0.28920563531258114,-3131.250988010317,3758.0984677507076,772.3985264899675,-1713.152660605032,2.05216359932127,0.28521674302721234,11451.767606096257,33.16388162793828,-335.66169441270995,288.0063533802331,2.044348096356938,0.28827619973838603,11767.519610780346,32.11872541518039,-324.88696076750597,285.71826793048115,368.5454840408091,2.051076914287712,0.2880783448027672,4.750854457204559,-344.8831594661296,303.64949545518243,11562.25645288561
4529.329136580229,43.60000014305115,1.7892754646066549,5.444816018574848,-26791.842214671895,7335.811656847247,-8317.07416616648,-2160.3837161483534,1.789670833355395,5.442924303124425,10486.842470801363,40.176049688541525,-204.90254181364685,262.06001916522337,1.8127368431459705,5.39360176985673,10615.675512191154,44.4702060119785,-204.26589944306548,265.5784668231472,400.6119533192939,1.7904017874871911,5.44281905878952,53.15381214353583,-219.25102987873052,257.7292123412942,10420.93867008589
1600.3119174694875,50.5,2.6281820438823082,5.154778050769417,-9349.461820229888,1215.6744551504962,-2235.354606187495,-5410.09677375725,2.637891819689545,5.582860093994544,10818.244128175182,-67.20524760782223,432.70206864970396,-145.34904131837197,2.674928483898014,5.451168330188056,10997.80345331862,-55.044667682940236,437.30345965133637,-142.96490268096028,335.62182224832975,2.641269518234808,5.588545818873855,-67.20424379197244,429.16833569288144,-149.37381685878427,10803.066611213359
1081.2653037228156,51.95000025629997,2.083735364573765,2.1020104001088384,-7859.5769075118005,-2507.326468639658,4316.531260405667,-2733.8221537178615,2.0927995297766753,2.099884590002734,11132.77453043044,4.302970013535287,39.71231435258869,59.81265491143267,2.088557018177048,2.042547046681364,10992.498424060743,-25.422602274224925,114.5219147400493,13.52386423922704,425.49365173224214,2.0787281222315297,2.1029620135377463,-37.33078760475088,110.67205681215107,14.875547432447133,10818.814213534428
1767.6080284207128,29.700000151991844,2.024715524888034,5.459617539709468,-8627.364010177553,3742.497649325698,-4034.7781424793648,-2216.8351299134083,2.0271438232005483,5.431946944538048,10798.126215737124,189.2463028933339,-193.28679339146015,334.96898221569336,1.9935742511148091,5.361664646636861,10963.08263619718,187.13075848417105,-194.63118296293484,329.97551157671927,388.90508088872497,2.0270731341138335,5.465575858391263,192.04125102136388,-202.4406432620281,330.3410489730119,10757.819478302443
2791.4501256644726,43.700000286102295,1.9808627587481893,4.056645701118943,-13906.3426839374,-3629.004799287766,-5308.172910818248,-3351.335148352431,1.9753271100707477,4.034094327341144,10499.690185914284,448.137844341411,9.593342682149569,-430.52625942362874,1.9641789158247676,4.124317419638388,11011.253295570363,454.0322483544055,-12.651605802668618,-405.9231340653987,557.628426035956,1.9782329245899641,4.033235134453276,503.3457405404401,77.456443526671,-393.0081292761844,10816.5164534651
9936.103440138511,257.17500016093254,2.4719411618792106,2.030562792503847,-15192.817472226918,-2314.215342178708,4625.272663386073,-5806.3035111594945,2.5103488375307768,1.9808137021840093,11402.672113114455,-128.78646326755302,186.84393761771253,443.28805967957805,2.470882315585217,1.9511298709579163,11503.691921407233,-123.93216556921179,190.025282726652,440.74495272881035,590.0687066640998,2.507034679783114,2.025418668514966,-107.51403450733943,166.7922459273153,480.00005748742944,11551.060342459863
3545.4793514378835,48.424999833106995,2.616009409423527,1.74877908331068,-7393.32341131568,-144.71434960479382,3019.8780922775622,-4888.453573577572,2.6175802594236908,1.7451005482078503,10286.173619243727,323.7890962537308,403.1902155889102,-306.62860601988245,2.630709188624223,1.6293751262603744,10709.19920163011,321.2220096851759,385.442040831624,-320.6043956125702,628.0854717397949,2.6239364618613745,1.750299458421551,327.2963407597532,371.9904773192439,-250.12046019967022,10493.409727945898
9028.00281461116,54.75000002980232,1.8755089226539061,2.7760815594944273,-13227.348337339237,-6505.811778297182,2786.061953732278,-1818.6341405846179,1.8752419109494687,2.7764508613663335,11257.428145276324,33.41165920645744,283.2341172319443,383.19362281063104,1.8232601507540995,2.7782269116231197,11476.255752335433,30.74380757579734,285.63493223770803,377.071574561948,490.2753152254663,1.874827647068697,2.7751187476020713,38.01904966189749,280.17859401133774,384.25377699715926,11270.992594440697
1528.670557057485,41.54999998211861,2.134343638977246,4.091104228628903,-10242.689296245575,-2683.3268990922443,-4395.532445245994,-3731.5200906322607,2.122017485046268,4.089622793683715,10453.921371915832,369.9813146919473,-128.72007297307937,-417.79253681432897,2.076169116529223,4.081544578921539,10858.939709477125,361.7174367525474,-140.55961199610348,-398.3498819174606,605.2749159092966,2.1269481551447105,4.087336895323462,415.47642324694067,-66.1567602293533,-369.7360641395673,10758.939709477127
6450.3681304934435,49.25000023841858,2.241946368922095,5.971749831224017,3795.681078825146,1563.0089441074524,-905.1619120344985,-977.957541015232,2.2307704496569083,5.973580794180859,10603.317356882639,40.94099210888044,-415.5888694121036,291.74634145464734,2.2401395809991684,6.0598616773233065,10847.18109116663,44.739147961074,-406.30279635497715,283.717394309936,610.0761503560818,2.2330860426472077,5.970624964348222,27.010275236114,-409.84113769283164,303.07454498020866,10662.97056485084
2990.6513043795712,72.75000028312206,2.0763729162737903,2.8118684420641706,-7194.349091514945,-4018.8457102803513,1353.002999794291,-2979.335614275129,2.059662931234795,2.8056235783881736,10304.316221374496,324.09967904254563,-134.14379695471212,-439.8078364090195,2.0271452662342857,2.6116858032618206,10776.777532424885,339.6515869563176,-144.52481234058408,-415.2620480979981,554.0929167543027,2.0599303794529376,2.802958238088158,367.2224111608575,-149.12549133755329,-415.4715816476609,10476.777532424885
2494.3254083754873,66.97499933838844,2.378825855205532,0.35741602600420563,-3117.0711059868336,2858.2339271386154,1313.9064759181929,-3017.1339481631294,2.373608370425652,0.38172028065474595,11140.048511480225,94.32099379227884,285.979401782688,72.63361377432648,2.372922040751217,0.31537119828251425,11389.522019779111,92.81602137024416,286.9530337234057,67.87821116096276,588.4037231538143,2.3746382819980947,0.38016701175345297,94.92267407740539,286.35779863760854,70.55609367568559,11131.627282937006
4011.7882275985885,82.72500012814999,2.4519884118587085,4.964488138743041,1832.4231712184846,658.3969428570126,-1905.4867673881818,-1695.5571968797594,2.4764764255740204,5.003929230303563,10203.648760066153,253.7112546836761,-360.7992218044501,232.08514779949883,2.539976581197826,4.877959954284414,10419.102660247047,242.90410628555583,-360.656191896102,226.08768928663972,593.9411600411419,2.475380504195332,5.007967418511742,257.4278138997479,-373.7207012649682,214.56621819391853,10129.62897603652
1223.8679340579547,78.7000000923872,2.488037021843041,3.4607652483895643,-5487.955204576254,-2426.144401935395,-461.9131113990443,-3999.998058333993,2.486324928386559,3.6075591776718814,10036.47519680819,256.71011081279494,432.9751928723499,-304.8563042512312,2.515857482966944,2.98646062648814,10249.702623511903,246.47363831628599,428.41261224809824,-300.00385721230003,596.2984408543589,2.479094830247459,3.462375617303662,278.81575726398853,433.3221173474998,-277.47206637222587,10149.702623511905
7700.4991434215335,77.79999987781048,1.8364593888153777,5.273341069873217,-15118.196626104414,4379.195551005425,-6010.41831771424,-1757.088165033143,1.8036356071187225,5.285168671931448,10621.435261215065,431.84725106497126,291.0160888462565,275.3719541966825,1.799910268419809,5.195618382926077,10838.423685728098,431.9443676372182,282.6016038449585,264.88949647709836,660.4822855712393,1.7946813728681832,5.219156884698002,444.84985874859484,300.15256657780765,277.3582061569123,10633.16052783336
8969.808464286325,44.97499988973141,1.954327717725148,1.7988729188275343,-6253.997238989919,-658.9196997646941,4824.976147875655,-2036.6551159918308,1.9748016113112115,1.8375028223503318,10809.534792322642,405.42245696426517,209.4569260645817,-122.42192801338228,1.994193771928341,1.8036424383645018,11244.339261924179,400.3745063333194,207.93845562340996,-129.41339715392525,617.4905248820033,1.9770353173786746,1.8358731180645584,427.19857388948964,128.769376700602,-86.05835470914907,11112.760314555759
3928.654872496845,49.00000014901161,1.5805732300588422,2.0907030138900655,-62334.21497961611,-11113.105797581637,20293.466022626846,-712.2280892341823,1.5733656747350908,2.089702501359661,14823.212033462254,374.8446387782624,219.29641709040288,-485.86037507516903,1.6648784730735968,1.9807418525805556,15140.167223708277,366.45284910966427,216.70179590706553,-460.27858509772983,637.7899638397328,1.5711297852076336,2.0904570052348737,391.57205213587724,190.110743133103,-485.5606591640908,14934.904065813542
7495.839432970155,63.35000002384186,1.5673897505343892,2.3395997574185667,-40359.14448427595,-10444.222367691196,11320.557534567357,136.29567794870894,1.568399148818282,2.3432402330087445,10236.627169430547,97.21891093408385,416.68924596969646,85.00454261820096,1.5774507967425522,2.312671877352837,10538.088790780104,88.69553660474772,413.14114839305745,83.73031186620517,530.7721961586733,1.5671458143273191,2.342829357421576,138.97792710237283,372.7103396217957,84.7127330150833,10438.088790780104
4152.423407256618,54.72500015795231,2.922105373228034,2.6815018444960383,1139.8161673620343,-807.4771388259251,748.3175193447387,-2725.254986071028,2.94497884254513,4.153431552704074,10842.412543182805,-225.67135659226096,456.564189613895,110.3808584506869,2.9590879810265984,2.8114125031177672,11064.312073213814,-232.47306466618997,460.65997596617365,106.44147529069936,578.9645133711047,2.9330205003155356,2.279622195099622,-240.41010138145776,471.50742861706715,123.49564312565798,10869.57523110855
3176.0816544007976,86.69999983906746,1.7989188674696461,2.125240390598872,-14739.427372876555,-3885.18351959181,6495.253801736282,-1336.1379335634992,1.7965572368108973,2.1169805020819186,11380.868273730333,130.72365137056613,9.296682809369486,434.44059095421744,1.766824463735706,2.1579848432623394,11585.296632121384,139.60151486408972,19.75462346408833,427.1411089562675,578.3829559345668,1.7963863821960968,2.1111962330953875,115.60864536850181,32.37092696227346,428.3039560640971,11285.296632121384
1993.879660429322,58.12500001490116,1.641403528698388,3.977512968834099,-28273.65885908669,-7883.072015016223,-8976.140556098195,-1018.1319706723516,1.655853679217973,3.978517733520636,11528.383591078633,97.25403986380115,-144.89735535566479,-177.84589207671615,1.6079423992476871,3.9630193503762077,11720.929968024171,84.88898662832936,-151.8054474443054,-169.8774050990263,498.59392293545545,1.6560085328113963,3.9758686316348837,75.67398444411893,-168.5436419303902,-180.7223642494257,11420.929968024171
2768.8938289982034,62.10000033676624,1.8579450848225307,1.71437884433527,-13071.7881420739,-935.556972307968,6885.208671590779,-1968.6356361359358,1.8557063622078172,1.7128530357075449,10579.92813054315,39.777634315584464,156.9785343096719,35.482578291124355,1.830456758912936,1.6681822256853907,10647.520154435368,18.88674266180009,270.999422832537,35.27934703969216,602.8166566258412,1.869562575222233,1.7149217653526645,30.761659705965126,221.33085238919062,13.336451633118926,10347.520154435368
7371.041374569439,100.00000034272671,2.05217884899975,0.4203755925861703,-4810.616824992001,4056.461669607088,1825.5325420674053,-1784.4003553034272,2.044623351395707,0.4207836358992142,10968.605881924208,229.4605950944915,115.99712188375406,404.1031494538647,2.0289938567296453,0.41476542128839666,11289.75312090748,227.93421493785058,130.26943710722733,399.0077237940211,947.4289361948493,2.0447103880758277,0.42157401251177495,210.76093520921296,106.7096137601446,414.50415619980043,11042.38469985485
3276.5029701093445,31.050000101327896,2.5505527231422738,6.255966616532824,-5084.586950138211,2981.8807061990956,19.04180567070216,-4038.294774242444,2.5222737338978756,0.0001388264715362908,11161.536403957638,278.0967885742257,92.69008698769085,6.255824075991313,2.5601296531151636,0.06944064766745628,11604.197926681874,265.6328461309812,83.18244808099062,-11.51555609100431,1016.9995670798338,2.53099623638158,-0.015217080673000013,222.5776253543578,93.31808480705558,79.96873864432162,11462.092663523981
5406.0262570381165,154.07500052452087,1.6039372522606532,2.289314983641166,-52463.56694925646,-12491.295234649151,14531.610160321812,-988.8520691612739,1.6103879317241312,2.2811616772351107,11383.724797271407,101.93179468010476,128.8186736599264,-355.1292990579202,1.6001078372875261,2.2881987115694624,11720.470116099339,73.6465332520525,136.72212975931603,-340.86970947055903,2065.8150816388497,1.6099770072711297,2.2792457721517048,113.23106105285923,117.12251544674226,-353.92740870525466,11430.996431888814
5371.502804203425,274.0999998450279,2.2768157462212106,2.3558969816990967,-7764.424066521227,-3017.6694901054725,3074.923569132574,-3932.3841776810586,2.275632646961871,2.365394905169015,11833.45808659053,143.57728487773556,-86.0823799524203,-121.14775620213345,2.256592913033468,2.385864757100377,12352.739076131038,179.38270065479693,-115.93375974517963,-77.57639834605709,2120.782931712062,2.2741172630806386,2.3670864814986285,214.33116256490945,-154.93800497627143,-38.521918887009235,12263.265391920511
9473.722071300494,256.7000005543232,1.8135913343864554,2.3974076133525557,-16145.285417288542,-5821.547154106665,5548.41273136274,-1834.9375872882083,1.8100577022115814,2.3947783932785196,11426.80178591858,81.95393917958609,115.08891779312398,152.5311925859728,1.8136604788078312,2.379262057429421,11735.302407250589,70.93737835007052,119.89437399195052,152.96122449827024,1935.3367490181554,1.8085179574012482,2.393954161319172,124.47731898229118,75.30957246851708,166.42437162839036,11624.776091461114
7177.954104125184,473.52499358356,1.5068511002279241,5.063787760806235,-36022.21513219455,4988.687001653007,-13270.506989646261,1156.4972299636986,1.5069901012187734,5.0701018497891965,11883.078242080861,53.89355142629847,184.99235702478745,239.16994036122242,1.512177030899946,5.063649282483607,12007.328908339514,60.18264845193437,179.30308843740292,246.69305835853726,2037.6969970880082,1.5061026635961623,5.067796909553989,49.43227160580352,198.41418822168794,238.12905637937058,11928.38153991846
7003.028544689063,306.224999576807,1.728257632751412,5.133596798307163,-13077.234731027856,3149.450335333793,-6603.651284025225,-1550.425304707518,1.729072247874672,5.132436845675143,11103.7760010442,222.19527229111281,-69.93706155362679,-415.30626020256705,1.754793624888987,5.163610544191257,11440.299901107244,222.44403186846756,-77.4692608720757,-400.14495684722505,1684.5308449952906,1.728741421607969,5.132363908604646,194.53257863938626,-8.903044468562346,-404.3747585640145,11329.77358531777
7848.999956704226,606.2500005364418,2.092964615976139,5.090530765418196,-238.5211900435388,1237.6026847608155,-2837.1578763125,-1862.7733277229127,2.0864946884289197,5.087149382838212,11120.734104409976,148.1573120586081,-94.13108372610236,-164.32267593148458,2.0914685153317287,5.084129652239769,11370.80501314364,146.25208856059038,-119.98598450279191,-176.03626283461338,2373.366724226859,2.0871272475287013,5.0873099368205645,128.30925932352818,-44.62297746374498,-134.47018857934947,11323.436592091006
5843.20293400565,332.62499864399433,1.795945705349127,2.2370039027487785,-4250.8060716260225,-2846.6271362595726,3690.088169470895,-1358.5629676976241,1.7963188387433535,2.2344811843639785,11951.677901957884,76.5101590354825,-32.21735918441823,-272.98332805595214,1.7740126322146372,2.23956289272972,12295.814202641617,75.68162239305742,-47.983722582936025,-266.7672014080976,3113.859956015126,1.796453665292425,2.235076362197119,136.34204371628877,-107.9664970245939,-250.75159716097596,12280.024728957407
7097.521062926389,1019.0000014007092,2.3518478439374975,2.8545954126407516,-1714.7279509790242,-2175.8679872946814,733.0622698557563,-2932.839333900716,2.350626614390353,2.820424290799339,10345.840728215864,287.6614510265081,8.907187547940111,-387.29168602377945,2.775140224685285,2.8526765172153024,10622.935572131186,291.06372819815994,3.5562607708500207,-384.22685074254196,3110.352471557666,2.350121337547068,2.8225427950023074,302.2709232463759,4.299565699059504,-372.6074961964828,10417.672414236451
8320.847639585729,642.9250016361475,2.5921486320518783,3.437909077637606,2422.961596004665,-1121.3891875878908,-281.7240122850053,-2405.6314656445757,2.592759246233184,3.427043311892494,10232.217921996595,47.736130642102125,75.5486624189407,-408.7641072979709,2.647572693113326,3.6276203672831,10807.12421746869,64.18893257821104,81.38879707430699,-376.97666254826765,2833.1339782550667,2.5917833003201283,3.430993917769127,88.97632835805216,87.31728859461761,-338.7035035449692,10507.12421746869
