event_id,neutrino_energy,muon_energy
0,11.081593539168134,5.221136212473537
1,8.047758997140729,1.4254129781489455
2,163.3964685326343,5.937374563629916
3,12.21478864313242,1.4268918097273404
4,31.777103012967142,3.9036301751826334
5,48.620005076264896,6.986870942242438
6,3.6489485397255437,3.6489485397255437
7,107.04422722928668,8.327086577157287
8,4.28891918418155,4.28891918418155
9,88.02810619457814,1.234799209660603
10,10.078466885458909,5.275078655098103
11,6.523231796344316,4.856506660785472
12,9.902934521091918,9.902934521091918
13,11.110080927000691,2.0479446274945055
14,13.096190219257878,7.211643331702909
15,18.641750190680504,9.695564233182756
16,454.9840904205247,1.4611912002276513
17,19.139720299445074,2.7389208916863717
18,6.821131568106161,6.821131568106161
19,36.44359643849394,4.760261687522829
20,28.262419762323717,5.552907407148188
21,15.637904907638855,1.7787287640183969
22,12.443876277671396,4.652302160276147
23,24.046392631167166,9.704863090988725
24,24.02516096514945,6.40016656027767
25,4.395424083268963,4.395424083268963
26,43.14616386401753,8.690917646822367
27,63.07661685017088,4.597072727474248
28,25.647477214650557,7.185881841872546
29,12.502438079255551,4.33452689070989
30,7.362255205664849,7.362255205664849
31,5.651159098209457,5.651159098209457
32,8.818536767378552,8.818536767378552
33,5.2706808700208425,5.2706808700208425
34,4.881532632439133,2.640968625432396
35,8.953357676764476,1.2097031209568632
36,63.319364031902104,3.8406871634582056
37,5.414544558444405,5.414544558444405
38,71.77053513993438,9.588610842511233
39,5.618408280465359,5.618408280465359
40,260.65268962974164,8.98170411859636
41,8.913393762210282,8.913393762210282
42,54.535085090064136,8.976198990247386
43,46.496487330173494,1.5197874089506878
44,16.62564922700371,1.6586884495190097
45,1.1366123698213022,1.1366123698213022
46,8.923671276757743,8.923671276757743
47,9.8138421377391,9.8138421377391
48,2.3183774356648708,2.1796583052770497
49,6.911465113055065,6.709148397312904
50,8.200779982890637,1.527694630784375
51,11.350019033255245,6.3440791821627665
52,3.8215018097676756,2.189990766405023
53,9.722424321074,9.722424321074
54,8.477759879987271,8.06792172443198
55,3.969277272592401,3.969277272592401
56,45.41028033752259,4.86627411304324
57,3.312516689045789,3.312516689045789
58,76.05113650205264,3.8274822949751397
59,213.54703453932274,8.667695702264405
60,22.466648656458254,2.509731682152502
61,40.94957282860069,1.6428906922853639
62,7.668287532380309,2.016151629167043
63,7.130498127113584,7.130498127113584
64,5.359447492366935,5.359447492366935
65,9.634692088480879,1.8504498079000442
66,36.481309149437394,3.574027843210024
67,15.144553608922903,1.6872302232732272
68,10.81325704649726,3.075034201846646
69,14.137733106859054,2.827065049623012
70,23.519006698590115,1.1840470437494768
71,5.512647825072515,5.488365881328234
72,16.322311203100135,1.0372784856269646
73,7.535808740100856,2.5763753601683166
74,8.875022245204192,2.2206187258092043
75,13.24589210410303,4.198063718059491
76,8.535714244014398,8.535714244014398
77,24.753519781961153,2.2934127402381748
78,370.170724239839,3.9974865391192616
79,5.092024316851722,5.092024316851722
80,13.391083033661829,5.637516214246423
81,137.25170591376664,4.956579506134178
82,9.4008089192828,9.4008089192828
83,14.707011920990649,5.934636289578394
84,3.0468167772758714,1.2469751107758775
85,12.472899754036751,1.682009581458239
86,10.619939226626105,2.5023958529544323
87,53.116292894043646,1.5107130848574744
88,6.875736262288869,5.584586836001541
89,18.941193730877433,4.108215254405582
90,14.808013344840056,8.144218249465059
91,26.339030104537485,1.6682759840790968
92,12.026546757181023,9.312364249658955
93,16.164598168232548,9.06996469969498
94,272.7589096810136,3.631109976454162
95,102.22719353757593,4.452385301851435
96,24.253290806935603,8.458750907397956
97,4.992753056530914,4.992753056530914
98,10.215637547194234,8.14063332574549
99,76.86495113987534,7.7639361565376745
100,5.963198254523271,4.684477390935665
101,112.48440416878995,1.359000875225378
102,17.95037244398008,2.0040076021405513
103,3.889640473664593,3.6403082319428446
104,5.600559886533588,5.600559886533588
105,8.598839962161774,1.3486763422043222
106,10.568417590967345,3.2724809202490563
107,27.21652525255292,2.8263786869620415
108,60.063969211806615,3.7525463190768207
109,88.63784846847501,9.081110008806514
110,53.35636971306856,4.87170906045218
111,29.126990212697045,4.826899805429319
112,4.302627080863664,4.302627080863664
113,13.409328912099728,1.034183539057536
114,17.021642776479545,2.0675276570247005
115,108.47154425064628,5.767638220368711
116,11.408105307320902,9.966777102447395
117,40.15393401773422,9.862334871773907
118,18.553852218397463,6.093959815221387
119,9.92799346656684,9.92799346656684
120,10.314049222638738,4.8197675381654586
121,9.973291193582144,3.5428382182626663
122,1.9638087957487773,1.9638087957487773
123,18.06789429104372,6.7764988524423755
124,9.494175332617736,6.984516265885892
125,6.411831923504018,1.6092738144819123
126,4.702480954882092,2.6959944705558927
127,11.043049376975363,9.785579795840768
128,9.134597207633266,6.782949783281521
129,22.93643689823791,2.4155984114786806
130,22.19294447793947,3.787340710964774
131,15.356990696489197,1.2027566353818202
132,120.12328226466255,1.8718882117831672
133,20.619784098145942,2.3244489450884904
134,5.998837502725738,5.998837502725738
135,124.66876195313571,1.5222573703842803
136,3.3382145515971544,3.3382145515971544
137,10.52025051658168,4.3433137607716565
138,6.609091662847453,3.952649783008572
139,409.9029003269826,1.4342192742681945
140,127.78705608889625,5.552933446159296
141,29.6192361996147,1.5719787199971615
142,8.521085864261218,8.30885231600982
143,5.318812591678856,5.1963860875899615
144,4.711386141651686,4.711386141651686
145,13.839044448930055,5.241361746399528
146,19.766926759835375,1.467075849694098
147,36.52723179728876,6.181463385315095
148,8.967020357784758,8.967020357784758
149,8.885207006793244,6.250864806781492
150,126.53815365930446,8.931100142768846
151,13.709590142414385,8.276342167192446
152,7.346163421518165,1.2843997927164474
153,8.963327935425108,4.423533981599014
154,21.031285338576478,1.8740717908485602
155,353.0017436914735,8.132362080823222
156,17.78430901411711,4.020557308655676
157,20.342161211091742,8.897637983578479
158,161.24722009744355,1.0867311587458826
159,21.956114751008705,8.314842748138286
160,13.915299777879069,3.3033334698853722
161,3.6316235494914353,2.8027709666431533
162,2.831958782657995,2.831958782657995
163,7.6881481600399475,3.2105313408111305
164,25.09015403241212,1.3507962770685262
165,15.061260448763685,1.2642119324561227
166,82.79178955168092,7.8884446008916855
167,15.292202802330445,1.303499599556907
168,4.8263262627812,4.8263262627812
169,7.937998679989118,7.937998679989118
170,1.1874576513732922,1.1874576513732922
171,12.258212185226233,5.716792195693962
172,5.908360394836874,5.908360394836874
173,5.186271680995049,4.039346390704359
174,6.609904265182632,6.519010602404814
175,110.32488289215944,2.4276046720518645
176,20.422866383341468,2.72488819978627
177,70.14056679730606,5.999419148986475
178,7.663243379567556,2.090156050662259
179,10.57727069534381,2.0885335886583616
180,6.286207712772711,3.3198146706336162
181,248.54266278596106,3.0996215400709914
182,11.1480496830073,2.483866048014008
183,32.21873752190612,6.173753091628598
184,5.699693021682008,5.043433267522243
185,15.797842656462244,1.3839368674369508
186,8.224295321125384,8.224295321125384
187,30.512197978259678,3.0185629050885
188,15.157698877262254,7.333889423462234
189,17.687050384368735,4.395202218663378
190,41.8291764571141,1.4409404846262697
191,13.553638076563757,9.040044550688975
192,44.105190287014295,3.9918752670874453
193,10.151873607472858,1.0310404484432074
194,6.686369332091515,1.8828781119463756
195,13.242962697268723,1.1709314511699112
196,9.465389144625451,9.465389144625451
197,159.43844572978452,5.337353442867258
198,13.581965598556293,6.728546262503732
199,7.943025245160259,7.943025245160259
200,4.694604865151662,4.694604865151662
201,26.454542193345898,1.5118683206067243
202,9.130363682431001,2.699901214182052
203,23.917854341674396,5.836047229271702
204,32.129529692490046,9.760911641326308
205,34.96903477481912,1.3266371030931186
206,5.900428492843828,2.5832988129123233
207,18.327129980191618,7.52757370584676
208,12.472852180425809,1.8603894268660115
209,39.92122787246725,2.658981629838869
210,7.582498563834725,7.582498563834725
211,12.946537987051045,2.7487624698778474
212,13.829075554540955,9.669064799686105
213,32.7130200166624,3.9469432065333203
214,13.997497466327706,5.16857073953697
215,9.74138308413014,6.744500927152752
216,16.50647449852717,1.4726740551233335
217,6.978250946907215,6.882649332465918
218,473.0366576676603,1.6785023657975835
219,2.529347373383322,2.529347373383322
220,14.346393477632889,6.892631783813917
221,7.109375586263554,2.7279099116587258
222,21.521223230760807,8.665357985260602
223,231.08831847143574,1.3249264874449274
224,205.27497877876905,2.100083593094692
225,15.828582135065634,9.16240471066191
226,16.11657983074907,2.1123175754212715
227,19.664859767955317,3.2575739150584924
228,75.12360168152851,1.5410484171483259
229,73.60361835246643,2.213654632173857
230,10.744570785812364,1.334919671822092
231,3.9545596803292384,3.6913305480480556
232,106.48126868521655,7.3869576722314525
233,10.147156762045675,7.308068843841191
234,8.86473316282862,8.86473316282862
235,14.845924408626834,2.946735419213268
236,8.85370687492805,8.85370687492805
237,23.37277087722755,2.3948109123965913
238,11.429694616622571,8.464386372422814
239,35.765951699612664,2.25746155152581
240,2.260157030335131,1.241510470240014
241,14.531339180185386,1.178735254343399
242,12.120374384875209,1.9302402668023588
243,10.379467527918948,9.79845963683439
244,4.340214920745818,4.340214920745818
245,11.976084091018597,5.476140695540768
246,39.84601779812957,1.238079175986175
247,9.968709054683845,1.8767439340448968
248,9.965481573771328,9.965481573771328
249,51.528943326882235,5.7721609100636995
250,17.037815622919368,1.4194449450101383
251,74.12838094849404,9.677784354417424
252,20.962291076171415,7.722483092239933
253,4.8603747661641,3.524903682607793
254,49.47123809005159,1.0144630737847906
255,9.750321722326769,2.278343176510898
256,10.132319875949735,1.950877458008631
257,35.919504365320556,7.653738365797177
258,74.71442465044593,3.101559801325289
259,2.8585171444511137,2.2128880968212647
260,5.5982729797217345,1.8254197032932737
261,36.617433437512915,1.7946235514122235
262,68.10150217819002,2.9275314374683292
263,143.69621330875862,1.1449647358078219
264,9.872229519435411,9.676231939152286
265,39.00894441513803,2.4323237213092943
266,12.801271427758435,1.0816336101736397
267,12.284021403908707,4.923600307355281
268,11.406797695255127,1.5159564546735782
269,11.561938804458896,1.9552665578906672
270,2.6955083453837587,2.6955083453837587
271,8.187675476618669,1.0910151534169086
272,1.6373555941827622,1.6373555941827622
273,8.890307545089973,7.330553622018086
274,10.302632948553256,9.383661538723246
275,10.896528015820936,9.461321448556403
276,10.07418328163453,1.8328409519144897
277,10.950063743811867,8.582795775301054
278,10.790803017985283,1.9591935074889153
279,9.882048516379088,1.6678862078880774
280,6.386391899944281,5.6386647303695865
281,17.89583766884977,1.0006833154331725
282,12.628855754820737,2.3355699760182524
283,129.64371041567682,4.61141931440348
284,196.2606299435732,2.2721286743737292
285,3.608657937461781,5.096009392190033
286,10.94777707031563,1.5442996849058455
287,4.6533444935193025,4.6533444935193025
288,39.397300956392215,4.5233583106440856
289,67.85875388651188,4.05275440155968
290,14.168984705219657,1.5293170084998873
291,124.29934484447587,1.4952364176914994
292,9.630089285532913,2.3149280619988515
293,293.4240070159211,4.1048601230448645
294,131.14683598017186,1.4719089237121623
295,463.2984396649227,6.158861267437518
296,196.62236973751845,2.033778412845044
297,78.82160321142507,1.2592572874607193
298,5.629075763185886,2.5394894163316164
299,5.137723533269633,5.137723533269633
300,9.296367641301112,7.058418899811533
301,8.245688681742132,8.245688681742132
302,37.41657036716475,1.315812077960858
303,85.84489169561522,4.971297998756907
304,102.89157845666337,1.8847366778027355
305,12.928527005154484,2.8884841004473403
306,9.564481275669063,8.05619360159379
307,8.454286536316683,5.247721739764152
308,604.1421260628039,1.878073332018219
309,8.861621592826486,8.861621592826486
310,9.757460715683317,2.0989643214150773
311,64.60637368867032,3.705476768520707
312,11.317344294291301,6.341947515148305
313,482.6977742631556,7.746114263702708
314,3.2428758330676932,2.852195661250544
315,4.967931041126973,5.260394471680456
316,36.517724387095534,1.649668306479533
317,37.0133639744538,5.76246425222719
318,29.313162979042502,1.3012648324363836
319,1.318018966164161,1.318018966164161
320,7.4118265336537466,7.4118265336537466
321,4.28187697001951,4.28187697001951
322,401.94643816121715,2.3365989610603215
323,4.257407106698879,2.360100528261955
324,91.77325495442409,2.032741163709463
325,11.240057435981504,3.9192240387129105
326,17.318444061879504,1.1318099727278277
327,23.77917756590769,8.638813978341995
328,12.565994791245279,1.0507733522250218
329,4.368182257936769,3.929614010134843
330,18.126380317521075,2.737509019176961
331,15.111691455252709,3.4998174552682815
332,42.027316638424324,9.677086409703742
333,71.8699966295806,3.2240289017350734
334,6.246146407321729,6.246146407321729
335,6.074899766570355,5.897357667692389
336,21.795561517396305,1.3241302653712226
337,2.8894922188666676,1.6116734421997747
338,3.139885338021513,3.139885338021513
339,5.395081338808657,5.395081338808657
340,9.93481816859426,9.302741838715976
341,19.88619609130798,1.6887798013116901
342,22.72207400528876,1.764376479603241
343,42.49183023994133,1.795807236538647
344,22.75962321444022,2.2472705846373646
345,5.547068152808195,3.1078325772755644
346,224.27974483292968,9.89184218247488
347,24.195257068998558,1.4372275427798995
348,62.871705490155186,1.5377477853206074
349,6.438059373952449,6.043620362774335
350,9.312616025533156,5.075566789200366
351,154.29061200451406,6.268341499788658
352,9.125886749222964,9.125886749222964
353,1.8793436177089455,1.8733859679388676
354,7.242472107116792,7.242472107116792
355,2.821869329892231,1.44587181025731
356,39.5903336349704,2.6820336613725377
357,24.79040407964359,4.028652011623115
358,26.65108538942749,2.938494271172709
359,9.541899271507729,9.541899271507729
360,33.20666242346791,9.968185389431316
361,9.304113232823916,9.177307258496326
362,58.30519335871496,3.389378351469888
363,6.154724282524195,5.7051737433259735
364,10.871822507468016,2.350069602334581
365,7.418404706671924,3.140271654365347
366,11.776066231398158,4.585664694768061
367,10.292488104342322,1.8309996003181077
368,9.943144981469782,5.842627361347633
369,8.448539180735295,3.01372535259324
370,55.84003940650793,5.475470555055543
371,27.26007131765081,3.6250123508586767
372,49.29847826258953,1.2508752684596767
373,258.1317469603092,7.939429315964837
374,17.29015692093808,9.22675845762569
375,3.135901576071275,3.135901576071275
376,5.6811950257231985,5.6811950257231985
377,8.243097508100481,8.243097508100481
378,40.02915349461456,1.6011516329585866
379,2.758066921944289,1.5445852301049958
380,3.9325676633952344,3.9325676633952344
381,744.258327122424,6.439275303849019
382,26.265764136708324,2.036844860926667
383,85.48262728940269,6.605057833506449
384,114.42710783104322,7.123767357653182
385,112.68881607057436,3.4720358783567207
386,207.03590953120624,1.2907358417604993
387,20.720315279415527,5.721312668970786
388,70.97144141732295,5.361794922898407
389,14.315689078672568,3.5828137064211405
390,93.0996711091253,6.658705981282762
391,9.759540457149633,2.6049620886042275
392,38.38724987623472,2.4971927438183195
393,9.922603088590346,2.367406500612028
394,12.453861674415904,5.93933338982046
395,16.11984372562743,2.983345386154191
396,7.385879802889881,5.269622222924382
397,72.27666144275823,1.4362289477203884
398,9.915493207991098,1.761420015704115
399,1.808221187304815,1.808221187304815
400,7.876018481830936,3.571154654065977
401,13.607923789445987,8.707373406160034
402,12.550488226875462,9.47790784651729
403,10.426669107680995,2.8923289608207354
404,2.5747365505868114,1.9186280567777
405,7.094318700379697,1.4579122495919645
406,5.55265636011002,4.164623827264695
407,70.78398249653878,4.472862010913974
408,249.33388424692785,6.317797569250629
409,374.01787198676374,4.354636741276365
410,119.4066728268375,1.9571653402345546
411,7.908896841783772,7.908896841783772
412,64.4029328722149,1.8299762675747915
413,61.45791305669321,2.728865797073755
414,33.5702672082628,7.612664487294944
415,9.086969244144473,9.086969244144473
416,11.452864694630735,3.4733090868429235
417,21.597335015377418,3.353042040919383
418,17.888500592095944,1.854477300914775
419,15.543877629155444,1.105529672798424
420,10.797324872428735,1.8406709121204876
421,6.933944874479128,6.933944874479128
422,8.998246603168624,1.9124313981822316
423,34.61283003504021,1.934637687373237
424,24.929975202892702,9.204622303628755
425,23.267841479127302,1.6338917554337278
426,9.626965784259594,2.2733625590583717
427,11.90695463942778,6.796345658305296
428,7.769452103597495,3.04900131827119
429,9.657897552238689,9.383042061391537
430,19.031779471179924,1.198024536021141
431,4.470851877482453,4.470851877482453
432,12.411928606974076,3.0289818883067037
433,5.612731412969881,5.612731412969881
434,11.06898738716219,9.495543939739523
435,25.33702694472596,5.191643100941175
436,145.08577821855212,5.011415378337086
437,9.43126423006811,6.296817699986646
438,9.193230364643782,1.4616355534314545
439,44.434313762367054,8.516938192367292
440,10.653958140841086,3.088210621293975
441,109.13106236385552,2.3119583667737316
442,1.5848581084133992,1.5848581084133992
443,11.89912330876136,1.8980956764701422
444,8.36456839187337,3.571942958947192
445,33.57648880949828,6.014548202119171
446,4.277211000311948,4.277211000311948
447,63.52142313649316,1.0498649960030306
448,30.28453387413722,8.743780433979989
449,58.77006083272979,3.0790684607919103
450,9.588022820170282,9.588022820170282
451,14.37238696479878,7.1804330008804955
452,8.934553972729006,8.934553972729006
453,2.0315531734078762,2.0315531734078762
454,11.651315487591487,2.97886059725974
455,3.5180656167649187,3.5180656167649187
456,6.665394617342739,6.665394617342739
457,8.127569479226223,5.398961118039591
458,19.199496621673518,2.8344839644251008
459,4.829085781144701,1.0280119599436683
460,5.390305092448186,3.6857221574845087
461,99.49244552652618,1.3567505427999857
462,53.70605959575821,1.8118664964379714
463,6.472020338110555,6.472020338110555
464,14.985927124407338,9.366290368018428
465,7.088527351866334,4.502752622176164
466,6.7009640437155875,1.2089865559223636
467,1.439444789192849,1.439444789192849
468,24.025299531027148,2.579169530103805
469,46.71505899559776,8.984623984064893
470,5.254022030009516,5.254022030009516
471,33.49332501212481,1.9664689864854628
472,13.231186640027982,9.055909324032822
473,3.9475788993508254,1.5747249872728488
474,27.16023390952225,5.845687042166934
475,27.936882879672762,3.4802354520076078
476,34.07012918506831,2.0777786194762213
477,2.647396753826327,2.647396753826327
478,19.05257839132768,3.632813242619588
479,13.323132035302816,1.3136904616206029
480,8.419153264338416,8.419153264338416
481,17.38579321275628,1.894870742955014
482,45.60718210893171,9.622120172371156
483,16.64822402393835,1.1601622202144117
484,32.581110810828434,7.789452033418776
485,8.239162680933408,5.408759786595794
486,3.790056604964299,3.790056604964299
487,7.202213054831939,7.202213054831939
488,13.143392574229148,1.0113071363233266
489,9.961649793951533,9.961649793951533
490,17.6257474384437,8.229843259524744
491,94.05996557174726,6.820019749436405
492,22.082743659961704,8.794792711301294
493,58.531270308258364,4.092904504551843
494,8.03923341212172,1.3844861027340858
495,12.345158280984624,4.057334935673815
496,10.35985299212657,1.8936160116997558
497,19.094976006702545,7.004362224225836
498,9.509589050874924,3.0787816039581557
499,13.901820942442642,4.970724906244468
500,13.765464375432616,5.2413217079595436
501,31.0304031032018,6.142661470538042
502,23.97694306386595,1.9663248056715041
503,19.10127923613033,3.400898755361039
504,3.151177612000174,3.151177612000174
505,685.1975079445309,6.266914538023993
506,6.809067131055076,4.358499949963916
507,37.90523575611248,5.947771806254695
508,10.02159531639196,7.919209158741514
509,13.011454798585639,1.501778072922083
510,9.877755326266596,6.321669942734639
511,21.303801049418343,8.173921411856078
512,7.7797015531177225,4.500629828134323
513,8.253490194637152,7.620576129159068
514,146.16757628520966,2.5805871415334987
515,9.099252500828937,8.40406652075845
516,9.940102606795941,9.940102606795941
517,239.72346006938645,2.040182694292074
518,23.566562356219496,2.451537614846937
519,12.499765904459311,6.107247051560976
520,15.940370611852412,1.3901193977219117
521,6.196075502586218,5.924790648327232
522,24.606651985321598,1.9830426326099733
523,3.5513139784180576,1.113933690747681
524,73.66188737295502,1.906679549826993
525,1.9878614202957299,1.7967586532721507
526,8.907749187406363,8.907749187406363
527,8.906939064607066,4.225213235079537
528,3.634604075779195,3.634604075779195
529,2.11749644056746,2.11749644056746
530,12.673874278600309,1.6690981532422065
531,12.445691681538184,1.964940923511511
532,600.3821156179878,7.856323434641468
533,4.647838773690519,4.647838773690519
534,2.934987655679292,2.934987655679292
535,10.776934709097484,1.648685175700606
536,4.392913241076261,1.0013864930227643
537,66.84797462402193,1.3812362322109328
538,5.32917604507911,4.000775639778549
539,329.99504330411025,1.3225350575212507
540,10.983963112905881,3.252856906197464
541,8.75380428690056,8.75380428690056
542,14.283431971630144,8.95136279039052
543,6.963035264794082,6.185631769277205
544,9.263438617945122,7.949279931104215
545,24.2400336771077,1.037335874186144
546,3.2945262017878574,1.6699926565183192
547,10.45734792738988,4.072400529005618
548,2.717215367287389,2.717215367287389
549,117.83660698330434,6.708025069484342
550,9.856839032348779,2.751719470591618
551,82.13794531173859,2.308692502188787
552,9.235358946002773,9.235358946002773
553,18.161925200789216,4.727724861508323
554,26.06836784202374,9.996372390534239
555,5.644207910999814,5.644207910999814
556,7.769942675734814,7.769942675734814
557,2.0130244809773883,2.0130244809773883
558,15.804237217699136,6.45477028478293
559,8.714592471622053,8.714592471622053
560,7.338986555056909,7.17853826222308
561,8.642780806689002,8.642780806689002
562,22.23573079776003,1.045654745676009
563,10.045273128702224,1.854560307843848
564,7.0966776860287775,7.0966776860287775
565,10.960424122507375,6.8331858440756275
566,8.575188167230042,1.213315225307836
567,62.763639098625696,8.160532819989603
568,8.532110177506775,5.962639724649067
569,3.6271084494600663,1.6839571876840747
570,14.847365624208042,1.7759892905894061
571,8.984487563392104,8.984487563392104
572,17.489956650501853,5.2082999136758135
573,14.803110440665987,2.403603566200774
574,23.30933401112061,5.9895079182942395
575,26.993883169438725,2.601338238590783
576,139.3047284793319,9.523562480502063
577,5.620751485873782,5.620751485873782
578,16.790601131468993,5.640272619224219
579,7.870115057574591,7.870115057574591
580,5.221619124258082,5.221619124258082
581,4.667336455806989,1.0143011695279747
582,32.67384624414935,1.5709147864949227
583,2.8810206016684026,1.8147192657082996
584,9.382432815808906,4.278325154186492
585,13.799562409226821,8.810252293533061
586,9.292604232814563,9.292604232814563
587,5.502350718930295,5.502350718930295
588,1.8209933310190247,1.8209933310190247
589,7.750386215926325,1.258174158633382
590,10.500454423503003,7.257812501701958
591,62.71029131722168,7.033568045998422
592,4.964298945160354,4.964298945160354
593,12.59089208964015,5.8840221148742815
594,14.16055593351434,3.837694120167176
595,6.377421150505811,6.377421150505811
596,3.244639618810498,3.244639618810498
597,17.021226408687166,1.9844660409108619
598,6.789860626918781,6.310174606699113
599,8.631291190683044,3.9388444617159024
600,19.395477211180083,2.766337035080291
601,63.40878567874435,4.114934912467957
602,158.64211363181087,2.2109942893901318
603,28.790997755659458,3.2684277478923867
604,19.740925849549463,2.6907049317943783
605,7.71088545073827,7.71088545073827
606,99.27367760935138,2.9390177375042112
607,37.02948202260527,2.8447386815757127
608,59.42601811744131,7.105924450688341
609,21.818497558714284,2.515727241437773
610,140.96981229211465,2.4720519177213136
611,13.871476543861046,6.110307628751847
612,28.77423015840626,1.6006310411108353
613,7.542936175943481,7.542936175943481
614,7.014400696110762,7.014400696110762
615,11.634972599506835,3.6643485780505207
616,10.979225675472344,1.3515377238704416
617,4.7788754250946965,4.751406942125679
618,12.353525774936001,8.537521335496514
619,130.65176193585617,3.883454471720761
620,20.893026333697517,1.4257453705225853
621,8.032255266020062,3.9926342289342474
622,3.682951134212242,3.2251063968673903
623,2.175799436847326,1.3896591994980905
624,37.09620204556564,2.914889922444949
625,9.020656565008675,3.673439795554395
626,6.430775140759338,6.430775140759338
627,5.4982870877142265,1.8506625017825122
628,33.45522957669098,3.134208795083774
629,8.465688033770375,8.465688033770375
630,30.016223793695406,4.6685512925315775
631,2.937656619637259,1.4423186483303687
632,5.172463333602977,5.172463333602977
633,7.640337887150234,2.492589408629863
634,8.682606595888764,2.9137543490639763
635,34.53757837215865,1.5210662994610538
636,1.513125904667827,1.513125904667827
637,3.90764687271997,1.5228852526030932
638,12.892181875451096,5.948162367958796
639,25.239266560494446,8.835816387544996
640,5.295274290627534,3.4351574244370267
641,9.21025967133769,6.937403576464053
642,801.6278693794233,1.198840097934939
643,11.857266656645448,9.384683604045222
644,31.169136578367837,5.178359700066893
645,38.790440883153494,9.131459929897549
646,30.07255640107524,1.0254018017761282
647,12.49986927361265,1.2501303782244595
648,21.891414402962823,1.963282134626883
649,22.395291076459575,1.9066765879019258
650,17.98768086818559,1.3497368409381578
651,15.179944528049436,7.389612373463732
652,46.14520801599692,1.314733646826062
653,41.64335349878551,1.743626438300911
654,45.33943844276286,2.242631353479279
655,10.086111443562482,2.206042909690124
656,5.558202892750479,5.558202892750479
657,8.348064702073163,5.867542916137428
658,13.006002071118976,1.9497509935136932
659,6.075467645939458,5.836534880048645
660,8.228034954471639,6.518027511933545
661,12.393039481910451,2.6487626301863694
662,9.853701035880682,6.919040630358801
663,250.17593920312595,6.636847197805285
664,10.298224062483815,1.6445340324940134
665,4.420098138281385,2.7691936983487393
666,15.976909095855916,4.715028825191572
667,20.206587186595566,5.5700968604295324
668,9.50568918491006,2.397363639372491
669,7.863331889362712,7.863331889362712
670,11.17510757327442,8.282130880058654
671,12.290574622062607,7.841204447166664
672,24.273277376274727,6.6908852061260475
673,40.90973661358411,1.5249582883930273
674,5.529139601380244,4.586215499550022
675,10.12712999854948,1.1545821165303114
676,5.748154713324631,1.270852150074945
677,11.559722216664888,1.1527480927691478
678,56.2772920358317,1.270610206675461
679,12.096725185923503,1.1903301867138854
680,4.558723788274283,3.7782207651101753
681,13.872927591263249,2.802077345425083
682,5.809823836499722,5.469906450009534
683,5.140425885721014,3.243893939357559
684,217.74034799291366,1.2399279806332488
685,6.208017196831308,6.208017196831308
686,7.634418733771907,7.634418733771907
687,2.20623851520372,1.039503513686623
688,41.94978205927793,5.188075600931625
689,11.142552253485317,5.278104400445864
690,11.481917049004057,6.90124611103224
691,23.24114198466088,3.4952223850335575
692,14.166814796854108,1.0023932326519553
693,48.7583181891139,2.6745776961600205
694,9.848808754173726,4.067205091252521
695,45.61188176407401,1.027523346826012
696,8.924610181586363,8.924610181586363
697,13.801596706304405,8.22246164958484
698,223.83077503104406,5.182233019192732
699,12.484484206980019,2.777534211498125
700,43.9030238442956,4.29322595880022
701,267.67249638736405,5.003536891918513
702,24.16819767759095,2.03825655987125
703,141.77236255989223,2.755563701396585
704,18.45044201147967,2.0713500685500765
705,9.859884859770618,9.859884859770618
706,10.698656202097858,1.066752794644186
707,11.51772286015711,5.269586976788886
708,3.533974930862433,3.533974930862433
709,15.942044694253987,9.295021822240631
710,3.4243830083909397,3.4243830083909397
711,13.07579155008165,2.2200590866553465
712,27.493287193766516,1.6494727426405733
713,32.402563521256496,1.4689430670986792
714,5.717691818943492,5.717691818943492
715,4.751472389667532,4.751472389667532
716,15.725171531816066,4.296794731599009
717,86.73835620305276,8.994758874604837
718,10.361565948936327,4.446788082069425
719,12.101347698390953,1.4978676379197895
720,2.1979403253881165,1.968574658234544
721,20.20150257503632,2.4518780594835587
722,3.9863215671692154,3.1480781637370177
723,12.00875474738452,7.863395068536654
724,10.416437229554257,5.715114812064511
725,3.534696222377286,3.534696222377286
726,9.693810608459547,7.066073062418378
727,18.176354852812736,1.7006209715732867
728,39.57557001641369,1.741717941989242
729,5.127396307443778,3.6197869339469295
730,2.0192283212328754,1.2931607510404812
731,57.462116979501126,8.53084889367588
732,3.8052372701572446,3.8052372701572446
733,5.912269595348991,3.0473411552266456
734,12.799135634933991,2.231950075134846
735,6.201272398017691,6.201272398017691
736,37.05078721072462,3.9797072096601696
737,41.80693346065055,6.653584639940585
738,10.037637836048964,5.208487128650728
739,50.52061895496476,9.811075437209947
740,535.8880069582139,4.906745851403335
741,169.641418711991,1.160597600359937
742,8.832612705919475,4.0552326923729
743,2.5444620370411712,1.5443762321074341
744,16.499261424006995,4.300152901065305
745,5.948912171874243,5.948912171874243
746,11.826434472216347,1.5444602597916146
747,9.775164115252998,5.14022208607065
748,11.952017095776837,7.552355073186479
749,11.629260291053871,1.288816912559636
750,335.6255218072739,1.933814120512805
751,1.2720596567675186,1.2720596567675186
752,6.034970401531045,4.260079629366692
753,7.3680059958708,3.225108520856865
754,9.695854064681978,9.695854064681978
755,9.080246055432138,9.07851097834012
756,4.6147940612809295,4.6147940612809295
757,43.07883845298735,1.374359265213825
758,39.40126964633509,7.469884128806884
759,4.308123402204945,4.308123402204945
760,226.85130282503636,1.1029851776370778
761,16.64544806884661,1.599876982543985
762,1.329423995469041,1.329423995469041
763,9.796244726847554,1.0301328754842325
764,20.57491792876406,1.7074095895546089
765,5.73446617283222,5.73446617283222
766,2.5292523884398355,2.5292523884398355
767,4.436687229708149,4.436687229708149
768,4.267949583158675,4.267949583158675
769,9.90869190608175,4.940654685022741
770,11.237048485642008,7.896494295730265
771,20.635535535627586,1.2520772698367728
772,5.290670256216948,5.290670256216948
773,61.33957270277106,1.9364783833007129
774,129.78683982888253,5.73321708755051
775,12.224907612216224,3.2332340245272664
776,15.09863413966637,6.999805969927053
777,4.04512790136768,4.04512790136768
778,27.98609215797677,7.138605856567581
779,29.910325097221417,7.853469569488505
780,9.156426462397071,2.9697999295847275
781,8.027726488160598,1.4099054160262958
782,14.770202365522525,3.4602078619918686
783,33.53048868417393,7.3945022874972235
784,35.90758742706566,7.751912264458766
785,217.35711354691867,3.379778035357362
786,40.40178915769788,4.866262993013508
787,4.43291085069261,2.9891648542675266
788,8.476590622705773,5.50693422657623
789,7.009739531867726,1.0948873392088492
790,11.307637601357083,4.678421869860139
791,8.993569500294736,8.828103973888501
792,6.755910367668263,1.5544384906200148
793,11.0674875896517,2.639041939710285
794,13.366410572685137,8.42455346687775
795,99.44813796054463,2.080808612375942
796,6.522966923069854,5.918720080291217
797,8.411722327084517,5.618016482300651
798,5.445379449297452,1.5234447995551437
799,74.93459499898529,6.46092517466571
800,4.193410943759526,2.79633951739899
801,20.57048311914609,2.478133178820026
802,301.3050686666643,3.2328387464398403
803,8.390414446229151,6.289571522839583
804,12.47238819000994,2.268749564457974
805,113.09185961639756,3.681632546524939
806,3.9878866320772,2.5370364154537874
807,12.613219962306237,1.7692751747302409
808,52.25673264078394,3.1802800250306142
809,12.781534288986158,1.0565973256650358
810,4.321100353290348,4.321100353290348
811,15.508603609465636,1.275003049446521
812,13.240128759180397,4.893189226877255
813,22.558253959186942,2.008189816381935
814,13.745342313228173,1.5634983697179121
815,18.751034135713816,2.621322780058441
816,16.768567855597457,4.0591213483268564
817,9.37910339938393,7.798766152153227
818,114.44284977664151,1.1392945965474646
819,5.344144451908793,2.974437628642595
820,17.898815007679,9.56907889304274
821,12.918677375467826,7.1843533972289
822,68.85063288855464,7.65590919052362
823,2.4849613882698103,2.4849613882698103
824,6.788515930572413,4.663829248753483
825,12.959994073479864,1.4101405879677131
826,1.7609750610419097,1.4851357842601247
827,5.419958456492918,5.419958456492918
828,58.87104484850325,3.983780007943322
829,73.94091443769764,1.6105813531013118
830,35.32991456025601,4.638986796380675
831,9.994293848381737,9.549392693180353
832,13.498103905297771,2.521877938488642
833,5.627205517944576,5.627205517944576
834,5.445560252467663,2.660257601494227
835,41.788277060838105,1.14856019520477
836,24.23813727731275,6.964965044781544
837,2.2070274987050946,1.7270706746860784
838,8.886089707742478,8.886089707742478
839,6.489560266884081,5.714476905349625
840,44.601524978483496,1.7346209553470107
841,13.082405964445295,1.5299198276821717
842,58.716395699025206,2.13873992488753
843,14.746456591594834,1.834708077105468
844,15.607658796902173,3.3756527080785945
845,7.736501179377142,4.5839137669482435
846,23.387032760256155,1.652365653271354
847,110.19634054236413,7.728206512240649
848,56.51816421482878,9.058761722767121
849,8.416930466403743,3.0872444221551003
850,47.05854137788412,6.649830998609606
851,32.89938367983502,4.2364299261169185
852,10.924527982745007,2.5072575433855526
853,55.70559534840678,4.2220873376456005
854,51.66595836777734,3.061811536895293
855,10.03158023856337,4.296062511731684
856,7.271531569802836,7.271531569802836
857,485.20864754695936,6.049672589259805
858,11.170724281812626,4.264774702816738
859,162.65322034164203,7.967946112262529
860,9.876264419430777,8.6429444081289
861,459.48482927298437,3.907162728646363
862,120.55153019132537,3.935786779111584
863,10.179978831575898,2.2516735669024763
864,9.432524871384413,1.2747995249814372
865,2.970740640792293,2.970740640792293
866,9.945629681315278,5.216989900771511
867,12.235662737895014,1.1739890568985338
868,13.166146400384253,6.278230685826859
869,2.05652621770526,2.05652621770526
870,8.798289110359415,8.798289110359415
871,12.716761772055612,1.7562067365775147
872,20.392003335260778,6.510941952558193
873,5.058103381592857,1.280833265072277
874,9.675874163967029,8.754280016731846
875,9.457556866677052,9.457556866677052
876,61.477878073526625,8.649081506923734
877,7.273146114877032,7.15332597702485
878,9.415244434365674,5.162725089301443
879,16.120945148115915,2.1950645484294653
880,36.6982732431826,2.77079591062681
881,391.19264109702954,3.6537908741897556
882,98.892070803089,3.9823083829293027
883,12.103288779035347,9.102619191121503
884,3.6289518031786097,3.4468110075746017
885,9.331863620141966,9.331863620141966
886,5.967488797374592,4.385830917159496
887,6.963918396319458,6.963918396319458
888,31.46229256973922,9.568505273825686
889,99.25307018486197,5.539722146399494
890,16.580457357698275,2.427345754965443
891,10.771615032737266,9.734732841112937
892,1.9763776163773947,1.0859983917586171
893,51.704240862609765,2.8347879538182608
894,14.006781092402708,4.709193176852771
895,45.73927078938594,3.428092988038392
896,11.325852264995426,9.231340798039094
897,8.420212346630253,8.420212346630253
898,1.6369578468926786,1.6369578468926786
899,5.421100919034303,1.1480698323259957
900,8.464228420218554,5.087928579668579
901,4.671576298470319,1.108154687444774
902,19.661700128656005,1.2813289479012986
903,22.507617923740455,2.7668164466856844
904,27.371325905327023,1.2742822785329664
905,10.78659055577686,1.1396980950496818
906,30.753907116119933,1.1137278654803435
907,119.78693983762366,2.3487705467534106
908,27.036677618097826,1.638689211375502
909,190.9887861129375,8.54092348342904
910,13.468812503429191,1.6675179912973925
911,50.50388355237426,2.6570003580402264
912,5.82035889805461,1.4089558374042317
913,34.42392022600103,2.032886589431189
914,112.61834611879556,2.592037612767861
915,21.710943467012616,2.7540335704574717
916,10.494420869873077,4.618765113491172
917,9.46738873886472,6.612115378002953
918,6.6264376511348395,6.6264376511348395
919,40.72934364458472,1.4268918330124651
920,4.714942649826315,4.714942649826315
921,2.25673469187623,2.25673469187623
922,9.529414606539628,5.498510902564893
923,32.85152650339327,3.4731590854943826
924,8.181022162167737,2.8639284199664123
925,29.13297770342917,7.454347215038984
926,6.792552944861001,5.9136012515703325
927,82.04402223678173,1.1607411300261883
928,1.823291226843756,1.823291226843756
929,12.086660610229647,2.588074445975453
930,9.796039532929372,1.0060209423015094
931,4.3558603323030995,3.892123803111489
932,10.318813280835526,1.5178073283004287
933,7.2720513489509875,3.3170419405962255
934,6.580247127170013,6.529568557691063
935,9.075304185070014,9.075304185070014
936,12.363523265247421,9.72176745855278
937,6.941285969584292,4.077613446988019
938,8.873119235631329,8.873119235631329
939,25.60474801843439,5.3122581703711145
940,519.5441136779315,2.797558751514007
941,30.571241906909584,4.859447245875825
942,13.545767418692614,5.098780158630187
943,9.178398299160822,8.138055388526176
944,22.60377265823058,1.7537848111557506
945,10.314159299987244,8.444122950172938
946,12.268887900259614,4.6384971430080215
947,13.23546113205118,2.0888572915308794
948,29.391650766421627,8.43901152939745
949,13.088259001069803,1.6556857086641885
950,7.958572366730271,2.470017023575826
951,27.835915505219575,3.4748368564592855
952,8.636637093158004,8.636637093158004
953,43.960735501229166,1.4199455637302598
954,8.390779126141979,8.390779126141979
955,4.552364689111748,3.2750902432116265
956,8.963658195839875,8.516347990180247
957,4.348952927046619,2.2654641146131094
958,28.777320195257733,4.992509623785311
959,6.498453024797801,6.498453024797801
960,11.529436394748938,7.473114143602201
961,36.29830651967932,9.168164516748162
962,10.38963987827675,2.0243293435633243
963,60.790668998017956,8.864432056907921
964,403.8333136004486,2.6562825978084583
965,11.442781588792277,4.487243865781406
966,149.298982774438,3.436441674038805
967,9.72262361754825,1.734222342224592
968,11.498068397160882,1.3359704113051565
969,18.404255423197554,5.4659360019774725
970,2.546924977773256,1.158293899439109
971,115.80267156522245,8.87844691873662
972,18.038047801691434,3.0946530693360947
973,17.019736966450996,1.3479572870870742
974,20.986171062437613,4.643921474445839
975,17.417419599895847,6.2073764537991645
976,19.052799367227685,3.0672938763467084
977,16.836167778811948,4.425629870055133
978,2.0803877247596643,1.7806940661411204
979,10.589832608075023,8.917142024666585
980,10.594400444747086,5.233030750157927
981,51.30408444823944,5.541013262779503
982,9.655166416271305,2.012718099932349
983,8.922665921115154,6.906300544117036
984,14.667851433781298,1.0739995418235704
985,270.9132282889263,8.932963849327935
986,460.5633236271196,1.2532167332097306
987,11.467025457031594,9.97677829092035
988,11.007193068577038,1.7345921067566232
989,90.85008040140632,2.9915857706135283
990,7.056827330047442,7.056827330047442
991,13.101390481568032,8.866058221400701
992,10.16939563095111,4.892907556934392
993,24.08453642064352,1.7628125635863872
994,25.886994185861063,6.910689403751716
995,9.890277489248177,7.433615853579684
996,4.656644784904393,1.3364522858647592
997,32.9399315824862,1.4867914718335706
998,24.242077741222484,1.7669473116956727
999,21.08121817952927,5.205311579527197
1000,9.156535354433435,9.156535354433435
1001,6.847237770202832,3.8389399117523695
1002,22.82155341218832,4.2573831122478625
1003,7.499390120535678,2.959941180754505
1004,10.08710408870669,1.98188896807115
1005,18.072242537638395,2.840961516412368
1006,60.975110225619304,5.862380457291307
1007,80.11953911707947,4.72707906855816
1008,16.578191986853696,9.811420102014699
1009,12.274679253739716,1.5534988224519402
1010,125.6960582699253,3.9152077208526315
1011,6.038398404332473,5.537766302225225
1012,6.562258611185632,5.473991767688193
1013,53.24806364931024,8.265930205343983
1014,8.871773353360439,1.4724819852072533
1015,109.69826801445137,1.362324721945901
1016,3.272316982449262,1.0741491419257054
1017,1.9484517858009653,1.9484517858009653
1018,5.040912887328918,5.040912887328918
1019,33.77878378441037,7.167951120996575
1020,204.65185580422406,1.860215125114657
1021,17.755998999093237,6.429801058174497
1022,10.943802526989106,1.039609062853162
1023,40.149570403326216,1.2596428848048236
1024,16.688152529672447,4.531809882639167
1025,6.842657812627829,1.9389032031725237
1026,385.1732988860377,1.7569840410184698
1027,3.4347192762153034,3.4347192762153034
1028,25.75819252230712,5.205350525473903
1029,9.975646240346993,9.975646240346993
1030,77.54449279103514,3.7990321639003812
1031,739.0699987835843,2.7637480019977083
1032,21.822624351533715,4.19931364653787
1033,6.921488059625544,6.427617799336065
1034,9.590166681694646,6.596528736410849
1035,10.099189692144114,7.491394060031941
1036,113.65539489764471,4.238216702655088
1037,45.628921654882575,9.083026207061819
1038,18.952679766895216,5.320391252254989
1039,8.81506607972571,8.81506607972571
1040,8.514264506170196,7.484155202128263
1041,20.667808971656147,5.235025881760286
1042,31.39211321133535,5.4529246821387245
1043,22.653931904816123,9.722221427796166
1044,5.828000818625889,1.7185599198876647
1045,27.78757931782986,1.383162541887672
1046,129.26084971050412,5.561003196256788
1047,26.374003741383625,1.1202457505125494
1048,47.63747754717689,5.041114343693996
1049,20.237775370360627,3.1762469449643502
1050,33.01036705226038,1.8908023413178199
1051,9.137617696932582,1.4485801912046772
1052,9.377217204014592,1.6946109581941322
1053,23.095167364899584,3.2988990651853674
1054,113.13338424555792,5.399397902423227
1055,8.28489624125755,1.6592396332929638
1056,24.002600985100795,8.810241414542553
1057,8.400983354270853,6.5263437613980475
1058,8.832324715588129,8.832324715588129
1059,6.450506697474496,4.669909121294004
1060,8.214562947264213,5.2117646300213245
1061,28.666081037074427,7.854303555876566
1062,7.180129595505276,7.180129595505276
1063,8.086925499499639,2.7434614292576334
1064,31.519591249086627,2.221910046658646
1065,10.51274596790901,1.061435033560865
1066,1.4437622411669226,1.4437622411669226
1067,8.868496996292254,8.626485167857561
1068,26.36860208385387,5.638129754821235
1069,235.0548961215447,7.658394354776312
1070,249.48783912960891,9.68044918626055
1071,232.46834781034116,3.521189944107728
1072,52.51653003796965,3.4700924723429196
1073,7.2636141048166465,7.2636141048166465
1074,4.022418333865118,3.6278030330543056
1075,6.138687071427451,6.138687071427451
1076,783.4855627445481,4.064660665613599
1077,53.33467268715299,8.78568038164395
1078,6.5701095191521,6.5701095191521
1079,34.5414376835301,1.7692777163894133
1080,7.0607754481613085,2.772907142388367
1081,25.313255442336843,8.586491044910828
1082,80.9273685482456,1.188553207554447
1083,25.982023257504032,3.9493981100101156
1084,377.74759274617264,8.576560890318738
1085,5.732255312989883,5.732255312989883
1086,25.092711647671116,9.595701525713196
1087,4.648504497927647,1.37627360452541
1088,25.955087052090075,2.9542499453889466
1089,9.733093203233132,9.0475024224529
1090,12.627310258496001,5.413240839685927
1091,66.67350189335012,3.4421323658616676
1092,2.899176538405176,1.7262804081146716
1093,6.7660886789085515,6.7660886789085515
1094,1.7738636759003885,1.7102210054184779
1095,19.30372883774402,5.511282285837319
1096,51.227066203665814,4.541461319888913
1097,2.343963726719911,2.20326389517017
1098,9.384735678054405,2.5531866036020876
1099,51.54484941996077,1.2751744216999215
1100,10.939422939663743,6.082634519461091
1101,47.566518361358234,1.2237464255608939
1102,13.55024957073219,1.027992340029441
1103,24.838091220873928,1.0290087841777567
1104,11.183319235500164,5.592326886383935
1105,23.655261872432597,9.240513569200777
1106,27.982867319122747,3.967684904881415
1107,11.303008835986537,1.5654881611128035
1108,14.571317555450216,1.805211715056863
1109,4.377013359611514,3.348628843548111
1110,6.386915855679238,6.386915855679238
1111,10.105628056720798,8.160153170621832
1112,10.860209028082703,6.240810856114283
1113,2.0034154088782206,2.0034154088782206
1114,60.63434824407207,1.7971386522210087
1115,26.241525578738838,3.504562445989526
1116,12.289129110813077,9.801926712821441
1117,35.46996706410841,3.443917889639801
1118,54.54916149815673,1.253234909856008
1119,34.9838108961004,2.625275762946076
1120,25.02828599803012,1.339250227383978
1121,49.33782589350333,6.526915576453088
1122,6.74855251281462,6.74855251281462
1123,9.217182778514498,4.087603498416972
1124,9.294984007041062,7.248011115549671
1125,85.51023008213502,9.11239141825722
1126,8.687948793923763,8.687948793923763
1127,56.2191744381327,2.539550063082912
1128,3.7484204001459047,2.959874137009422
1129,3.8152178643569186,1.0413202997734252
1130,29.489496825258215,1.2802969635086883
1131,17.949116370126543,3.7410377294640087
1132,13.969459952910046,4.106004666280243
1133,40.08749596380634,8.776863764394799
1134,9.697523785978108,1.3121275347470838
1135,5.666224376830016,5.544030558388464
1136,19.525900737476316,3.8158770088222536
1137,14.895768548976104,4.90929262921344
1138,13.542516710225058,4.05804676837859
1139,94.03993654089936,2.9981662008040146
1140,81.20852597591347,2.469402432045812
1141,4.863912138001761,4.863912138001761
1142,44.91092316816209,8.96361624162246
1143,30.45778590815717,2.9756765255018616
1144,8.419156621363193,8.419156621363193
1145,9.514019464397151,5.753693338799966
1146,11.902726578045941,3.3173707577460863
1147,4.66753292185801,4.66753292185801
1148,3.695289025242153,1.1108781910249697
1149,11.832966169431904,1.2715247749768004
1150,36.7910719601866,2.7269960967233127
1151,29.597750173428263,7.8087435190892975
1152,24.686951898281645,1.8430788912693206
1153,9.830038483299747,8.5704438278651
1154,6.174548232673745,6.174548232673745
1155,120.08768084892172,1.4963699806154036
1156,22.712880486449894,4.7399100873877
1157,9.224154067917283,1.8801822393690972
1158,103.76547154299035,1.2567420869640482
1159,406.0785671178374,1.0587986143156145
1160,77.25978510533714,6.758759605951418
1161,116.34782703997651,9.679559526391909
1162,9.120953789623536,4.310758846029488
1163,26.133529560108514,2.1608891980216285
1164,12.401993561000483,8.756121683554989
1165,12.341138355144924,6.970320074179399
1166,7.818312946699939,3.574459991839509
1167,2.1233054800855906,1.8518081633178551
1168,94.85154201702365,4.160807425560037
1169,23.77067271534797,5.841389056477467
1170,20.5841884975217,1.9722770264616483
1171,39.67329315343518,1.825418643173318
1172,16.233751643667656,6.863505953444293
1173,8.944958045887986,8.944958045887986
1174,14.099514380068529,5.826868132954283
1175,11.253914041910036,2.4151130847330435
1176,7.58673588601536,7.58673588601536
1177,60.521419055278294,1.9974710886334723
1178,6.40853105115376,4.2337108837445445
1179,7.085078376057207,4.727293906121183
1180,10.311911973447376,3.390339083986115
1181,10.641354343085942,6.60898223025001
1182,206.5445287822371,9.30784879826958
1183,15.481660566432431,4.970027412430951
1184,4.317568145741073,4.317568145741073
1185,22.015194012623184,3.5354773202257386
1186,94.90970583415073,8.150956339529177
1187,9.941736062856766,9.941736062856766
1188,9.618487027292028,9.618487027292028
1189,6.365817087442132,3.4787120449960214
1190,109.1756047478098,3.414727970069187
1191,5.239970187697468,5.239970187697468
1192,369.5459681970111,6.858429952674079
1193,27.40807550513994,1.7734859548502535
1194,6.076451823681735,6.076451823681735
1195,15.169450899064891,6.747830799171608
1196,350.7912431405121,1.9429653902721475
1197,43.05019465950294,1.359496192752471
1198,5.5104719802452395,3.900247910494048
1199,271.64350710172585,6.311676973681257
1200,119.61412276413779,1.4507938807267928
1201,6.999082611368779,2.118436489052725
1202,12.437890432774742,3.2141973766254743
1203,8.784896147811311,8.784896147811311
1204,6.375766815114732,3.3273707960021603
1205,21.297047124031263,1.0455602947764746
1206,6.003598376053855,3.999565288361948
1207,8.913653541568687,8.913653541568687
1208,9.183299754172117,1.05663511645578
1209,12.071560377180079,3.3269145732017154
1210,4.210785631317462,3.6476397536958207
1211,9.215410239280025,9.215410239280025
1212,37.19499490229079,5.9760947288939965
1213,11.151474310049561,1.2960919108146791
1214,62.05837812377436,6.3580087739865006
1215,10.399299201121538,8.993291879871448
1216,5.697988350350694,5.697988350350694
1217,7.592745973906289,5.749826407006429
1218,9.643023113977453,3.2569798048920346
1219,9.898488074567616,6.287231630328808
1220,15.519742345199274,2.230627483491866
1221,7.156248515002385,4.813216326628229
1222,10.86048922254095,3.088909757822763
1223,26.324743421570286,3.1209654323212526
1224,2.3119931989135116,1.5101372635148729
1225,18.889744879328454,8.977162634678173
1226,8.232780458802694,4.609843864359574
1227,9.871835176362442,5.7843172786592
1228,2.828255201198694,2.828255201198694
1229,9.24999860893546,2.8133800817350068
1230,14.02485575343309,1.165523735402292
1231,6.862528874262982,6.767172087531346
1232,2.286651383825346,2.286651383825346
1233,9.22314970482007,4.619838238952135
1234,10.15589054723396,1.05555407718399
1235,12.762429396561837,5.121519054892325
1236,14.158180990814055,4.266832626612237
1237,46.93398624056993,3.585563773475711
1238,22.29283854514073,5.476182388825865
1239,2.6507557494119887,1.2009219028078169
1240,4.859986166302194,2.827961591853941
1241,156.37087239328102,5.425625733911176
1242,1.8752035580874893,1.8752035580874893
1243,14.552618140566171,1.6613197952194096
1244,41.62665583326101,6.60688409554628
1245,12.338081747364305,6.107141957269739
1246,63.84244690622895,8.514805825616982
1247,5.474002167266208,1.7081680461470214
1248,4.350601062353913,1.685792758454882
1249,6.3968690422756005,3.348272100028423
1250,10.35426383268969,1.9873322140917298
1251,6.825087197030965,2.873391550859967
1252,6.33118606307447,6.33118606307447
1253,10.04111537354416,1.328948379019122
1254,50.03621372719592,4.398156545468446
1255,66.99365961309526,4.2574530721401755
1256,10.542773222188034,5.288148853147359
1257,8.777146538287093,1.163983005974921
1258,9.005055559221194,8.29296316365696
1259,9.22393807038791,7.314097843535752
1260,5.395140454448888,3.783315242454821
1261,283.3021947923833,1.8035171970299668
1262,9.783991645595187,1.4522765301630516
1263,9.166692747251599,9.166692747251599
1264,18.11298071220612,8.916436684092952
1265,12.789955264933457,4.8621146752990825
1266,568.9702678299401,1.6612873509074562
1267,79.58548524142356,4.775314550403258
1268,10.067415970809007,7.535094270885609
1269,16.621598483348816,3.3249538541528527
1270,76.10132857283006,2.077782859246381
1271,5.353109447358365,4.635865840249443
1272,16.759661877611425,8.670084005377754
1273,4.791546687087075,3.5466993950668355
1274,9.934525382341684,7.90232669316079
1275,3.0702781969758943,1.8620235131051783
1276,16.02332218344805,5.426977945969963
1277,8.195692880282875,8.195692880282875
1278,10.530310037510084,5.302639811471367
1279,5.798415426915822,5.798415426915822
1280,49.521286736086246,5.171463245419837
1281,13.15733001084914,6.446939452815971
1282,4.122674505721572,1.0344221411895778
1283,35.25183125387057,4.980635680295895
1284,3.611591847634878,3.611591847634878
1285,27.503705841079963,4.112610765047935
1286,24.88948669356653,7.994846261052749
1287,22.818520564454214,5.262908801399335
1288,9.792302595836995,9.792302595836995
1289,54.763374365985705,4.710888823497102
1290,11.578986126613243,4.661535272203808
1291,1.325946316592981,1.2891814143904328
1292,8.350816838501716,2.201268900875898
1293,44.91717385134814,1.0414806769247829
1294,5.652359656997937,5.023786966444496
1295,111.28041890957772,6.651585037773635
1296,9.000863924908407,1.216496306494686
1297,30.129497066000553,6.244464411504163
1298,11.564922922198226,1.9224497510690834
1299,31.877147336586937,7.366968922599532
1300,10.72753070652093,1.6554600876864607
1301,5.39341698686685,1.635883059021453
1302,32.82035389316278,3.760285767868274
1303,582.0936088949743,1.7117951879756164
1304,4.631076889636427,4.631076889636427
1305,7.15703468558757,1.5188950042400338
1306,29.95825202382074,5.88762447454319
1307,10.970867793558854,1.6779090252911664
1308,43.88152323434171,5.344152786767279
1309,418.7241268880797,6.824588003540994
1310,244.267614426347,7.751385220188923
1311,1.1755760250841654,1.1755760250841654
1312,3.2072425481351567,1.309845438295419
1313,31.938349183843798,1.8678190154738552
1314,84.55623412832806,1.519636734769534
1315,10.66826333719857,2.7710024587434936
1316,8.123071023141364,8.123071023141364
1317,13.199912659822552,2.0577126806312664
1318,5.431614034426589,2.259350775124686
1319,17.356101360351193,7.096917941156878
1320,52.56268854985902,9.95939493013853
1321,20.398334887198573,3.071682801719908
1322,7.362185129877977,6.808647569919578
1323,9.897469828435812,6.57179839026833
1324,33.09255140355235,3.0395411873638003
1325,35.328407374707034,2.4347766540404554
1326,5.694177331604826,5.694177331604826
1327,54.268455787080455,1.5897744447801452
1328,7.0295332728371775,4.5747803773913205
1329,24.903927715472022,1.915034852908569
1330,17.961905279295124,2.1045024517771562
1331,9.622007037669718,3.254147608106815
1332,44.53173797880549,4.297664784487781
1333,7.735988401704286,7.735988401704286
1334,12.791985405981142,3.5870711866653746
1335,11.382996550770194,3.742082197331991
1336,16.208715085558183,2.724742684284989
1337,116.30925133246174,2.3616651606164667
1338,5.707188546644951,5.403469909991629
1339,5.112665223609971,5.112665223609971
1340,36.62486475853582,8.93512517592479
1341,2.614331719677679,2.614331719677679
1342,31.057160040917953,6.872136246720594
1343,5.738219320647252,2.774924263346911
1344,8.627745185353106,6.499711041658079
1345,21.028880976665413,4.086801598481576
1346,9.534843958697236,9.534843958697236
1347,6.526650388463033,4.867749161664747
1348,126.53375144872784,5.360340085407544
1349,732.1887150199999,2.495153061727783
1350,6.967704632105082,6.967704632105082
1351,8.889762085099779,3.8084522508751597
1352,8.454224772569072,7.996656611013931
1353,15.562494546781814,3.6562930765533994
1354,7.65660831983195,7.65660831983195
1355,308.6494244688237,3.6634343770497946
1356,34.58826949582987,5.177344276313208
1357,5.7223446490382806,1.3546515486923072
1358,8.677495291213406,2.0498149587533607
1359,8.772968784653742,8.772968784653742
1360,47.18396186499086,8.641316579341009
1361,16.9426656776068,4.882437376257152
1362,21.9851876713187,7.234650493698715
1363,7.72331614619497,7.72331614619497
1364,18.590076018141332,6.360196141880858
1365,2.7603013652532127,1.2399149096329325
1366,10.573789177976252,2.4423790187467023
1367,16.682419514355804,1.140469207706292
1368,25.29752759623093,2.6713405150706784
1369,19.607204581224735,2.997260304887073
1370,16.145466280573658,2.0915085537452014
1371,6.173922697046009,1.6074393900637998
1372,41.87637885686471,3.639382783778601
1373,31.56128125834366,8.430896603149165
1374,3.3419402554824913,1.2020531463730408
1375,7.774279101002216,7.774279101002216
1376,8.498041710656015,4.321412504904917
1377,8.433735136542996,3.241114263172978
1378,2.8775376000407524,1.8582333320450757
1379,6.961427313953945,3.961423453318264
1380,11.13051170751507,6.640096740087252
1381,8.674717238514095,8.502496021231025
1382,27.411416531068937,7.910778055289793
1383,19.771758296745276,4.563310537465722
1384,20.967266577361546,5.054480062499975
1385,45.0305423091126,4.209034311056785
1386,12.929194471178873,2.285408831983832
1387,22.928272019470953,3.301635208605491
1388,31.651671574447672,5.814919143083673
1389,1.971160423891189,1.971160423891189
1390,28.46617063858415,2.2857954788496135
1391,20.69356538865288,1.0368897949468368
1392,24.907373484510288,3.2460159212773108
1393,16.174743973079305,3.557374582035443
1394,9.751394451949636,8.820630244984832
1395,24.17574377895858,3.8228382496635094
1396,9.309136026286644,6.839271990239731
1397,56.083676556342226,3.237006411213755
1398,7.985715991272486,7.985715991272486
1399,10.870894731932001,6.616524191602571
1400,10.435112867177073,5.684998515636114
1401,8.267662600431219,2.2897832342444797
1402,7.242455033725603,2.9326774567501834
1403,42.141444258999265,5.065007700489783
1404,43.581640333012224,5.975731594995224
1405,8.665021681825593,2.043541147142363
1406,15.093762272575876,6.094152342890664
1407,11.635005531146241,6.047325018620907
1408,8.240157043354527,8.240157043354527
1409,8.765858841487493,8.765858841487493
1410,96.93687320032178,3.9629155272777714
1411,8.37546594903649,8.37546594903649
1412,2.2085282974332414,2.2085282974332414
1413,113.14112788764412,2.0678500225312746
1414,170.25630273458216,1.202194883844204
1415,8.620309780773756,2.8560828280085615
1416,10.895233092049832,1.042903643998141
1417,15.150696286072408,6.76105331077743
1418,3.8807751866614124,1.4379909253799406
1419,7.04328083981694,5.215072462179539
1420,5.952555632776165,5.295292830885148
1421,67.19147649866143,5.583592827086861
1422,345.06353025650674,4.510158047936857
1423,4.0182031896293635,1.4285839515046719
1424,13.77038600476931,5.365748641817874
1425,12.06806647574419,6.833129548765472
1426,48.49838416470937,9.23179284467388
1427,1.2792110199242532,1.2792110199242532
1428,13.171463589398833,4.04825365315427
1429,2.6108402156048744,2.6108402156048744
1430,69.9267166438956,2.0436480704063347
1431,9.983497965325924,5.118482142506171
1432,6.013002110672247,2.5723049447395554
1433,250.7665861531001,7.935645474775491
1434,15.219971971976388,3.178037137075
1435,11.884691414465154,1.9686046662812733
1436,8.903806324839419,5.0761084825059335
1437,11.809051126231353,6.44980923049529
1438,28.106728668072126,7.7271112486368585
1439,25.79199558223017,1.2618904508678497
1440,19.831594923662383,1.4284843648086971
1441,16.292021246520836,1.5238404913821268
1442,28.955847188388645,6.8786632131719925
1443,8.922218768684042,1.7332413230015555
1444,80.11290083666668,5.450666369380444
1445,22.122823161512684,1.7646421301229847
1446,9.261646445426381,3.569380192961846
1447,25.971818979577264,5.386974160684764
1448,15.267822387719908,5.011662805178942
1449,65.97554861738756,5.900216671558301
1450,2.991708903088128,2.991708903088128
1451,21.939325096685337,4.265135774937338
1452,10.435875007573944,9.841291862132621
1453,7.2415414960646975,7.2415414960646975
1454,12.45778642316618,4.5939251490350745
1455,100.61069938812582,3.2098093387970876
1456,8.66225678285342,1.9188715378829457
1457,476.37220599978156,4.040026908005646
1458,16.695204729859537,5.595555981131701
1459,32.3072320805849,6.578305601991546
1460,7.148129673865062,7.148129673865062
1461,15.70406365220421,3.090707609469962
1462,5.176390823006882,5.176390823006882
1463,6.192489707501826,5.039603612567558
1464,6.869241541126861,1.7694871002566888
1465,7.9263094754177486,7.9263094754177486
1466,13.6383171458031,4.477167482210774
1467,30.614658262988396,9.792196342319992
1468,5.9921237815473285,5.9921237815473285
1469,6.719732470743934,6.719732470743934
1470,15.229551637307969,3.636990040121791
1471,4.218072974864415,3.8621263897861153
1472,11.580749938412403,4.188407295370289
1473,6.780436489208832,1.1262189929729576
1474,197.84680578570072,3.71449312953552
1475,40.2015689042054,9.033963086251926
1476,45.5534021786363,1.571886630334906
1477,7.626185403622963,6.825178072792483
1478,3.0176236343333063,3.0176236343333063
1479,91.61114783678994,2.5106059158984864
1480,74.3482007313394,4.3105044127839935
1481,21.905799566087214,7.145817012478687
1482,11.040561421898039,8.135296837797878
1483,27.119740893586904,2.6207394647274125
1484,78.17662181706717,1.4941180866290087
1485,13.92362825016265,7.6425613816626825
1486,42.56254456759828,2.883399662207936
1487,5.460320826927417,5.460320826927417
1488,8.804296114161254,1.0913998025053189
1489,8.674891188715726,8.674891188715726
1490,22.016112087340304,5.436788141163641
1491,15.251889039058671,1.6884003211069303
1492,8.365283048108122,7.837292159672796
1493,7.904218957215977,2.2202271964453493
1494,19.71928274423095,9.825507117483982
1495,49.5322581853162,2.570254462915902
1496,46.077117923689045,3.6229096939526357
1497,9.34772169629898,1.4430557263675519
1498,7.802289460620392,2.7889046724212174
1499,17.666129524860924,1.0059028592218229
1500,21.050234244009406,8.827808782005842
1501,11.773392001200907,9.474523729482067
1502,14.11770864994915,6.133424101098915
1503,54.356356699043964,4.84365527438088
1504,58.072456854396705,5.59470948658073
1505,17.152804112826402,1.0174314861883795
1506,3.1562202660429612,3.1562202660429612
1507,216.99103205678253,2.658571506763372
1508,8.880551178930814,8.690739220172308
1509,30.198313397309885,1.4406565532539426
1510,5.303913300294251,2.4361468830690445
1511,7.098443071032399,6.523419801268338
1512,11.98016216920399,1.836420164963285
1513,25.90840715091455,1.2477625230076774
1514,10.66916767944077,8.379085651714128
1515,7.765433755614294,3.431270306342323
1516,14.976725520846252,7.174091079119756
1517,99.40086338294476,8.653583039906225
1518,4.162518910812117,2.6092292939965245
1519,21.874389229525764,9.160668699874675
1520,2.258538757040323,2.258538757040323
1521,117.12187846979585,3.9814477514629543
1522,13.054934713228748,9.090108561191723
1523,81.97835521199619,1.663566098345298
1524,23.57963634479522,2.7466471208025505
1525,8.33458159435244,2.901654972282773
1526,4.285004651468096,3.5683854349842825
1527,71.93549654557097,2.5346348797339875
1528,11.24374970762001,2.8777157400259004
1529,9.868384465034158,1.8977355142175283
1530,3.310280074460791,5.402669946400973
1531,7.89941537145446,1.6207367675102389
1532,9.724693697338223,9.724693697338223
1533,9.797208261517584,4.071114760983075
1534,38.32868808067831,1.5989341362828564
1535,29.239880169115306,4.171307374861572
1536,4.764384055944156,2.40533997789749
1537,18.23837677684142,3.202624208219535
1538,75.05013130111483,5.210266135784055
1539,2.1048698486132555,1.1817498757813978
1540,3.5862544149885864,3.1124585690373383
1541,8.944042167150416,5.677301011215748
1542,10.322354535758894,8.634546546959358
1543,12.800672716449075,2.6825344529199646
1544,24.21733150249644,1.584497924119744
1545,33.44224566693931,5.656600991410669
1546,9.364723849779374,1.5145299549395959
1547,15.551175665571435,4.963385001358087
1548,132.73214285631246,4.103461888232982
1549,27.60251810100014,8.928178275265484
1550,1.7038649001066046,1.4533236545705637
1551,7.5089878985927925,7.5089878985927925
1552,5.260459735151682,5.040915355170366
1553,8.57074740455749,1.1585240264338816
1554,6.157304264903234,1.7322065093235532
1555,13.151205044569364,4.756988864969809
1556,6.004355226992277,2.2401726856230346
1557,19.679524773671847,3.3808188287714747
1558,53.076551353897116,8.84961304201033
1559,54.728991544427984,1.7466083474234295
1560,18.44605155039157,5.615094489726572
1561,30.139467293359132,6.008541276723711
1562,139.59028773184153,4.060372505891108
1563,4.184200828405574,4.184200828405574
1564,30.852763727609286,5.206880009909255
1565,18.221672607708875,3.727962925817963
1566,1.8988433497162254,1.8988433497162254
1567,38.431565552537286,2.31584783892765
1568,8.300442835647736,8.300442835647736
1569,9.882224864198236,3.4520617001972242
1570,14.286264147595542,1.4543072944997602
1571,3.695277162955164,1.8168734858080295
1572,14.48211485314294,2.8668563151449926
1573,65.39465055555934,3.1968663562815856
1574,2.7625274083295928,1.6299565740428277
1575,119.7603644069739,7.632483336791513
1576,1.6179864412740643,1.6179864412740643
1577,249.95086065176582,2.5356238336002863
1578,6.954569743516894,6.937800508663093
1579,10.06238476748504,2.2605836553745196
1580,7.831239633692751,7.831239633692751
1581,23.84765579620493,4.990433671449042
1582,9.934307455497203,9.934307455497203
1583,44.67275503708687,2.9327976834705187
1584,16.368243201693275,8.78299914275474
1585,96.03878934161943,4.416662013105
1586,13.183906304311337,7.77465418597763
1587,8.10450940429827,1.48180334455291
1588,1.36198895778377,1.3583009294198793
1589,111.59632536186477,5.019682499057716
1590,2.515488954709807,2.515488954709807
1591,8.688699149037692,1.22414826408491
1592,2.2747608810288016,1.926733707582745
1593,6.948025283216326,6.948025283216326
1594,4.4974066946264495,4.4974066946264495
1595,12.874421427937532,2.621405698562882
1596,97.38945133684761,6.066697903227701
1597,5.6398680753762,5.6398680753762
1598,9.302336138060475,9.302336138060475
1599,19.667209856669615,1.2807643099533226
1600,17.964970746505678,5.669119648219483
1601,281.3241815968744,5.6177951234335195
1602,17.570597602593207,7.368557637581578
1603,33.6438901481812,3.3928732306955194
1604,77.60198313443317,2.5661198717180027
1605,22.80896159317976,2.217414018632033
1606,4.877156595485251,4.877156595485251
1607,7.21872450714975,7.21872450714975
1608,4.651316684366228,4.401970639134934
1609,31.314457422785207,9.365050682289391
1610,8.16633694511296,8.12394694470985
1611,6.695031268917261,6.695031268917261
1612,5.2291090712271515,5.2291090712271515
1613,80.1476194790082,2.159626559021941
1614,9.74649421439587,9.74649421439587
1615,40.494997445714134,5.283890123126875
1616,4.406189072229668,1.2042979066471153
1617,117.30052757317316,8.425370800411299
1618,10.620354079583205,1.2072757771623637
1619,31.239303155342025,5.257704011777918
1620,4.3232375928210365,1.1757128550556109
1621,42.6580826454217,4.5639678417758045
1622,2.8091328161560654,2.8091328161560654
1623,6.285725300575739,6.285725300575739
1624,13.029344177133888,1.3102714126883426
1625,9.306767126496181,4.64109544581994
1626,10.922791217703574,4.353759110753245
1627,123.41360878562328,3.409005228313424
1628,6.845398936552033,6.845398936552033
1629,47.86111459277967,3.621224006827404
1630,11.918539828518888,5.39177551455313
1631,8.520114558105378,2.8100571163340375
1632,31.35147630710154,6.584672057041486
1633,6.005516438364027,6.005516438364027
1634,132.493666255706,4.131902689453491
1635,20.10115547730788,1.258779688970073
1636,36.23197734090086,1.5001664558767662
1637,7.691672411665464,7.691672411665464
1638,5.97594684344997,5.97594684344997
1639,137.4383389857699,3.6325293261319747
1640,6.028969671725418,6.028969671725418
1641,1.7993001102194224,1.7993001102194224
1642,30.005419623348256,8.422379112239822
1643,8.18166063628687,1.0812876017275594
1644,1.0252257781443062,1.0252257781443062
1645,29.97674726815781,1.0913266931176446
1646,32.45391375936587,1.4570138581614132
1647,38.377341176435976,4.377296519680794
1648,245.05356417603087,9.838470001854322
1649,6.545791756318981,3.9009515081915334
1650,11.865051033317071,1.9719627012403727
1651,5.992852491609155,5.992852491609155
1652,8.285315045436235,1.0907813097947328
1653,592.7256407868279,5.82369899199158
1654,1.9243264335523778,1.0166572818654276
1655,11.458866219003912,6.753787236946091
1656,8.349128390247458,3.2025559406494177
1657,8.5978024074145,8.5978024074145
1658,9.52110204168672,9.52110204168672
1659,23.04091699494166,2.0330747194999566
1660,158.34704420279374,1.4413026953530206
1661,17.905249805445127,7.5659894870228115
1662,16.769740969752235,6.591176281669435
1663,2.271334526985494,2.271334526985494
1664,10.078812601325735,7.5643680026026265
1665,59.07674595755091,1.2460425930818455
1666,7.197196266932396,7.197196266932396
1667,75.16923836111583,5.984807305023743
1668,73.53776514790859,1.1526899986319332
1669,13.674340825659147,4.366890879454859
1670,21.577776511370267,2.538732418786607
1671,5.01742224148074,2.6273160725925875
1672,60.63503517624324,9.765913354687488
1673,4.697796106242529,4.697796106242529
1674,4.540044008428779,4.540044008428779
1675,16.579721471368035,3.337453137560088
1676,10.68469714338221,8.04601162740537
1677,4.065755517626452,1.2183084114969216
1678,13.435984376412675,8.957394133565533
1679,16.019192449438815,1.06718716783929
1680,8.294657758730683,4.4261132036379855
1681,88.9917996096535,3.136528672329776
1682,7.734721505259583,7.734721505259583
1683,6.421398702166444,6.421398702166444
1684,6.219975770360162,1.5370139274811254
1685,10.707315018194938,3.226331720087037
1686,15.386147653784125,1.626375427038112
1687,21.92953926231263,3.774764523757054
1688,70.73312309773112,1.9231207080492667
1689,3.601209096558002,3.601209096558002
1690,2.1649345945333938,2.1649345945333938
1691,4.330845823582229,4.330845823582229
1692,5.270323406185083,1.0784565293509383
1693,1.0564081486339463,1.0564081486339463
1694,13.798438534138274,5.055264740125491
1695,8.69954134266634,7.834407513615478
1696,9.219324882557295,4.060721014276798
1697,44.39098048278593,2.9282736161162717
1698,11.054429681608543,8.76295856555539
1699,5.484194571167604,2.943625561146289
1700,104.70367020003474,3.0995724942535015
1701,288.9731602661433,4.440744904154737
1702,18.205947535346525,4.047752275750802
1703,14.630794545185918,6.809795854699907
1704,28.18365506308797,3.859492901638947
1705,11.827541420054118,7.9238569695583365
1706,29.970877045967534,1.6549250552348094
1707,8.98587272815411,1.0982976478392252
1708,80.36054763105925,1.2015404669263954
1709,21.49834750938658,5.023795207200128
1710,8.85314838462846,8.85314838462846
1711,10.648645250443405,6.385716917397786
1712,41.77964897745246,4.914412640218936
1713,8.657217726166747,7.925871995178513
1714,15.467171874971141,9.804888829392898
1715,7.169643972718515,1.4033781241887273
1716,31.62311204430391,1.071335582083346
1717,8.35227086083349,8.35227086083349
1718,13.867177993188607,6.439379159140348
1719,6.102445616542746,6.102445616542746
1720,5.224796128150352,4.048357294840662
1721,11.932172052299967,2.635414923354736
1722,1.5072995551068622,1.1328709789111218
1723,9.683889770821056,2.174017620522083
1724,216.30553198733176,7.46105236915106
1725,6.902581250825915,2.1935811491958046
1726,9.796519964072173,1.723147699856633
1727,29.366971154973616,4.769095307433876
1728,25.075229162247364,1.7087087727928145
1729,17.246657207462615,2.8371858183307466
1730,5.696632945475201,3.4317814723146047
1731,357.53734371357234,6.416829961477663
1732,7.212752112240239,1.9939033286060894
1733,27.06606364946708,6.999924066271676
1734,6.297010050959321,1.8397355908570916
1735,1.9115115656668844,1.9115115656668844
1736,118.71479472337114,4.050629194291658
1737,14.607876519925068,5.080603825859375
1738,59.98512718556594,5.918033308720282
1739,122.89968476825857,2.0287037669321144
1740,32.880430207222105,8.229952658765058
1741,15.028200688856952,5.812268749908366
1742,19.867230940007182,2.79738355676613
1743,10.658043163240325,6.446385981875202
1744,36.96454000180545,3.612898186440376
1745,183.6470986728389,2.461233511392839
1746,9.883257445048521,2.758422255220241
1747,9.628867163530204,9.628867163530204
1748,11.965675862268649,9.42032325831712
1749,27.876760436129857,5.117768473063952
1750,2.7786295109466765,2.7786295109466765
1751,8.855014280315963,5.652327627463761
1752,8.934946035910999,8.934946035910999
1753,17.62915122100387,4.777918497917269
1754,7.371553431044607,1.0211995628047412
1755,9.505693774611826,9.505693774611826
1756,1.1912313752867476,1.1912313752867476
1757,6.3487858768436425,5.727663859171819
1758,137.18275520654035,4.144876892775967
1759,6.893227470363815,6.280413458921858
1760,9.893579210961924,1.9432599538329651
1761,8.873778024154488,4.2948443022087766
1762,3.089582663748339,1.6605450583517474
1763,5.696817989806038,3.29197142667647
1764,1.6139046335060874,1.6139046335060874
1765,8.55613286309609,8.55613286309609
1766,4.173503386267185,4.173503386267185
1767,9.138683572106697,1.3265126190396976
1768,13.579127716627324,1.3608892349273123
1769,17.180096574551815,1.6292319877601003
1770,58.50346646918792,3.0535343160551203
1771,4.368148227767821,4.368148227767821
1772,9.274557397384715,9.274557397384715
1773,4.324329587789076,4.324329587789076
1774,81.29102158229658,7.564428983709979
1775,3.631530020026416,3.631530020026416
1776,8.07430372836903,1.8135177850721884
1777,29.16447855567736,3.819215149810356
1778,151.81971216993614,2.6716744942570223
1779,9.910599382830155,5.142407754263333
1780,6.650147675251057,6.190026808362178
1781,7.232116496869181,3.7380495709441495
1782,8.690871364797223,8.690871364797223
1783,7.904140263473991,2.2085959765104946
1784,5.2645797316250045,5.2645797316250045
1785,4.223871576361801,4.223871576361801
1786,6.149554722925717,6.149554722925717
1787,5.180674287052447,5.180674287052447
1788,58.60373987339412,2.992552684968112
1789,12.578967407928141,5.272569663104137
1790,5.913896818507279,5.913896818507279
1791,3.3939893983484914,2.107562403155287
1792,26.53388837661421,1.1636967384928887
1793,627.714218116779,6.77251767884614
1794,11.24875777807328,5.539368705743828
1795,129.3862089206385,2.216176448601269
1796,119.29813050128809,6.6017621198774865
1797,25.77918865268725,6.946187847810663
1798,140.632083896006,6.901076287325498
1799,4.4806058487186275,4.104511751470765
1800,15.437844704825482,1.5855609548632166
1801,337.7700349192494,8.62262096615514
1802,14.551911039415119,4.3400242573760925
1803,4.739420020479636,1.1458640799766326
1804,42.426067991824404,3.30738051917791
1805,68.53671652206657,7.598873824844537
1806,9.252214594765778,7.403864158825826
1807,8.249087970794939,8.249087970794939
1808,12.394257134597913,6.1661955287576635
1809,27.752593197050363,4.537159507932596
1810,17.787709512609364,1.0951582390192343
1811,62.33178689980564,7.231098394358996
1812,15.560170166464362,1.637352164997188
1813,14.072609045670088,9.151601835065971
1814,3.99288025780043,3.99288025780043
1815,37.93815485617473,1.1901425209754852
1816,182.03154944346153,6.427301821212837
1817,4.157901571097833,3.58114488923176
1818,38.73449803967094,4.919985465581339
1819,17.05552800704555,2.0405906606740185
1820,18.041194913659176,7.844348717232031
1821,1.5343117468883707,1.4090197866647793
1822,72.48247522166061,7.914969504178415
1823,13.319847776571661,6.690843202025386
1824,12.125975965306225,9.258693318494023
1825,6.092518475324244,2.552889328584252
1826,13.966376562765197,6.790222925234437
1827,8.85589173418031,5.360053133189922
1828,3.8184582454104734,3.8184582454104734
1829,5.204692632139179,4.66368126959139
1830,8.46236005206392,2.767052098098652
1831,24.22098687816916,2.8287425948621348
1832,10.18634063520787,8.040342293507486
1833,59.644779911077904,1.279070826408286
1834,9.56651437930287,3.2310352818118764
1835,2.7109881737297457,2.659162134937871
1836,1.8537008031552675,1.8537008031552675
1837,7.409984212226684,1.1556659626645083
1838,16.78163530499316,6.165857372594008
1839,71.01174355690756,5.506527821734383
1840,361.0279367607083,9.018215420407708
1841,40.47957627425017,5.710096171003977
1842,10.167498774222189,6.199913528418493
1843,26.35187150124647,8.561217931970743
1844,176.20239202229382,2.1350030329671648
1845,21.935022757097975,7.217971264762898
1846,293.04883542807306,2.8108221794446
1847,33.83579699553311,4.634738243023828
1848,148.49834368007802,5.094476296441455
1849,10.852459256859623,7.596543284328914
1850,2.302146081357081,2.302146081357081
1851,11.69083045985735,5.661385717033559
1852,2.8441854388597365,2.8441854388597365
1853,11.590048643830388,8.617120674018084
1854,8.074759261553666,6.07289966401527
1855,30.52285109480433,5.013591677972145
1856,15.332130204661073,5.430796929960172
1857,8.520622325756603,8.520622325756603
1858,7.055807548619813,5.519918122857842
1859,45.04497995089181,1.2489813564051364
1860,8.183626965394842,1.6192153141930412
1861,11.475388203547636,7.50009458445921
1862,12.152637202895278,7.731707522088639
1863,34.4802615358104,1.2731299889559669
1864,9.737903967034764,9.737903967034764
1865,12.508910116749444,4.3178898301310005
1866,4.325681259269399,4.325681259269399
1867,12.901708210614897,6.39967408233234
1868,18.006738790117662,2.491370191704569
1869,11.263546714079576,2.6021498017270024
1870,15.581705603113374,8.281498008279991
1871,3.4377165270735364,3.4377165270735364
1872,22.953326597285226,5.961574773667075
1873,44.18187955641992,2.7001534284636874
1874,16.850113078933678,1.9453999254690255
1875,51.81081663478527,2.3373785256731354
1876,8.702955092815683,6.202813659841664
1877,19.467675393616023,1.5519945757503446
1878,24.285038929895695,1.3553653031582908
1879,73.25994144548223,3.5487363123921423
1880,40.440789915189455,3.1409231187039226
1881,6.80214673838101,1.8804536637144602
1882,14.928554294826787,7.3799588454313145
1883,287.5490737162915,2.7443288824133343
1884,12.19178168943668,3.6047973649841243
1885,12.483826509321004,4.462625621584838
1886,109.7777483860041,2.225028016263852
1887,8.747725565025776,3.0632383440738784
1888,27.960716127431812,1.5330539248875539
1889,157.2102562375928,1.495392895988596
1890,3.366780903007083,3.366780903007083
1891,8.216130036679267,1.4873470742703394
1892,9.884977710263142,6.4086185290584305
1893,4.762709497471694,3.914448765237194
1894,10.833439275407427,3.4589630942433387
1895,85.43439124030746,5.220362249491504
1896,5.218256425751527,5.218256425751527
1897,8.173407899392982,2.502109644159581
1898,12.803899328720233,3.233000602949167
1899,11.860322227005279,7.845145355217205
1900,9.764276893566313,9.39351844177683
1901,54.45159643047044,2.050342706943942
1902,2.0985417716656958,2.0985417716656958
1903,354.6618322925298,4.457244282344531
1904,7.096258458121977,2.729336720903948
1905,69.68955700678899,8.687981054842487
1906,103.03267645396562,2.134532370448724
1907,7.706550525029708,7.706550525029708
1908,173.33130820644274,2.2803021238109795
1909,3.8995247642364737,3.8995247642364737
1910,7.5151119279753225,1.2786228515873899
1911,6.042499288649907,6.042499288649907
1912,15.292848904159284,4.891764909689191
1913,16.037210969056577,1.5365102216952962
1914,5.62131250375098,3.1031356162098223
1915,14.081381257605203,5.50471107248063
1916,9.716880132662043,9.716880132662043
1917,9.981142689598014,3.4134492627920427
1918,155.07892194538815,1.2847234573588067
1919,8.602655540316135,8.310744389518797
1920,6.995454515133073,5.061156835535689
1921,10.979933529183539,4.856398783422758
1922,7.029265463679841,7.029265463679841
1923,99.11338604532872,2.6563792721459176
1924,23.80368164952775,7.736596040934461
1925,4.685009961127679,4.292478752908706
1926,41.32285274716428,2.562513459499318
1927,2.9289973684304202,1.5490964496258655
1928,12.785970806904757,3.6413637634571896
1929,8.291783686717574,1.2376635225568233
1930,354.6910752399704,3.6675144866614717
1931,5.9912708860225585,5.9912708860225585
1932,4.895594955879101,3.480071760187879
1933,12.993242729802727,1.7515332086016588
1934,10.723039627872879,6.5784894911617515
1935,11.502278999408436,2.949933121612561
1936,5.322936947584747,1.3252341403312857
1937,8.647545510765903,1.8200374686280794
1938,45.03508577259999,6.644449127151151
1939,5.092670049355481,1.52981463788249
1940,8.279987366665422,3.1082994132846933
1941,156.41540730505642,5.2468627380398685
1942,38.5493038337736,4.151324050054878
1943,2.090473214745533,2.090473214745533
1944,9.421749569967131,9.421749569967131
1945,17.017354239852317,6.31500872902459
1946,8.841101407977703,6.932444876020297
1947,27.452092072397885,9.047635449179502
1948,4.842061855552608,4.842061855552608
1949,3.950376245530921,3.950376245530921
1950,749.0339328858967,9.953670700735229
1951,9.146580498274023,4.768698630559703
1952,3.2648424590065668,2.786295444632144
1953,15.944316521829409,1.533601847024729
1954,5.472578489648078,5.472578489648078
1955,7.845423882229059,4.970859768570968
1956,783.315318006698,7.711543137459085
1957,5.542773176293704,2.905758658860001
1958,18.155422798458808,4.103200769993948
1959,30.671344059578544,2.424788579913333
1960,12.798124011739962,7.321232040674429
1961,51.236815451554456,6.818053673887895
1962,12.864807215793611,5.279414415885747
1963,11.958933204319177,1.003937922961024
1964,9.639619674634057,9.639619674634057
1965,5.405199569990707,3.859967064892181
1966,18.097505314170057,6.615957630848095
1967,13.569636301179065,3.6855259595206955
1968,23.395950684544722,2.0567599251599202
1969,18.012409950733144,2.763430017971392
1970,6.337969265071307,6.337969265071307
1971,17.729364955670867,1.083813832314805
1972,45.40222770468947,1.096522373014901
1973,7.046992642234754,1.238581096690962
1974,31.767528071819655,6.666853229706121
1975,82.44199193178191,2.7112252406868325
1976,5.891395732797605,3.290174706609368
1977,39.57550977897275,2.622899000905687
1978,111.97501489363715,2.085031666541417
1979,90.09333374104304,1.1138721296963738
1980,9.254391934086245,9.254391934086245
1981,38.44202598563283,3.7263933600524943
1982,20.42451471908124,1.954669947810794
1983,40.76315949021057,8.729994481336085
1984,3.722895196557827,3.722895196557827
1985,32.24519688790732,9.927569806506213
1986,10.22542182906578,3.3075188436513927
1987,1.102847465683698,1.102847465683698
1988,9.988739550619398,3.0424598170530315
1989,8.68401840303462,8.68401840303462
1990,13.844018558139336,1.4453145427406466
1991,7.057931987169507,7.057931987169507
1992,129.40775114045468,5.772824598279564
1993,2.771003130819351,2.771003130819351
1994,16.333676324303216,2.6173903222685877
1995,29.109248298583616,4.160907464154298
1996,429.2655229251279,6.0295722606824125
1997,7.416986099731864,2.52967077978414
1998,12.20868115615918,6.677446843282645
1999,11.834810658713945,7.085987656967213
2000,8.643558640433756,1.2664276430100962
2001,3.823702124996129,2.754403090879463
2002,14.45230864539803,1.8757042139432942
2003,15.354242060360907,3.199665706884687
2004,6.733946747443395,6.733946747443395
2005,31.703644417402735,4.090312627096693
2006,3.0294960204898533,3.0294960204898533
2007,20.34054166584027,3.5383111431047345
2008,108.6657896627609,1.6915096006632666
2009,4.9942206376530285,4.9942206376530285
2010,8.173889628502312,5.156706364632381
2011,10.613134483084924,8.781495732809317
2012,8.88359368509261,8.88359368509261
2013,73.77222145666525,7.072513992709078
2014,8.353656488560315,6.534684520680917
2015,32.38923736558512,9.015485659774596
2016,33.591236198368556,2.748635118463797
2017,7.0584844901335355,2.8934466693536804
2018,186.69563256131386,2.75690092987346
2019,3.5717150005819955,1.7536791593357077
2020,21.310259698911658,1.0188623597090412
2021,12.730045833470504,9.592608454509998
2022,33.45336546774172,7.012658772685682
2023,8.222347528619755,3.2596503553284
2024,6.053556856963097,6.053556856963097
2025,11.396703402660316,1.7128016245519002
2026,472.33241208102953,7.984570012643934
2027,6.7464413075018435,4.9249620196997235
2028,4.819222150313348,4.819222150313348
2029,95.7359845948897,2.1031507237409097
2030,12.141665046468452,1.0652651934543373
2031,27.80702054059208,2.467559444788389
2032,8.20051557129379,4.780407901755445
2033,6.2239038131497235,1.0934770015917756
2034,19.753351218516794,2.337994558398197
2035,18.625313025976798,6.583082966930646
2036,2.461329771165148,2.461329771165148
2037,11.782006866179144,5.226143343027551
2038,2.7840176262677607,2.7840176262677607
2039,5.587428774608018,5.02584796895629
2040,6.122972172822792,6.122972172822792
2041,9.971312352979027,8.784045771128403
2042,43.07243286835134,9.258655396499671
2043,6.969385101996426,3.5958595945737173
2044,2.130305003806331,1.2901018688057286
2045,27.42814855612097,5.037129725497194
2046,1.1207234433457463,1.1207234433457463
2047,46.13683441006421,9.562338958244903
2048,19.465417319827953,3.2009827867653384
2049,3.5492335162088025,1.3715463554026488
2050,7.903853441105982,1.0612484485630593
2051,16.71973717003204,2.344007309742121
2052,15.716642382055173,5.0762780344933365
2053,36.571696878407764,7.342651927452189
2054,18.16102299740888,5.974030408312253
2055,43.23655912328261,1.9541994290669027
2056,142.29504779854065,4.555976694094017
2057,403.38175019422073,8.328060113359069
2058,94.52105485344424,4.153010805685111
2059,40.936535118228434,1.8915229153821034
2060,9.862966997204957,8.963755074544329
2061,53.900999123391614,9.77929147025728
2062,218.15913031155503,6.577028025346896
2063,32.57328278319568,2.2092716390595086
2064,9.421047083057395,9.421047083057395
2065,89.88309202042612,6.545158661115318
2066,48.12976262240589,5.966238508496346
2067,16.903556621679552,3.4729790326496515
2068,136.1546676427376,9.04101475493997
2069,39.176104643616895,2.946597894073937
2070,8.849573049440785,8.849573049440785
2071,5.175486937361464,2.9719726982958474
2072,5.402558298624654,2.45009364738117
2073,10.008762868692587,9.729379364539538
2074,5.19158423036033,1.0615321233699329
2075,14.918174832674088,2.0850405310903573
2076,20.400427485689818,4.863961429042798
2077,8.747455478322479,8.747455478322479
2078,5.691341349731607,5.691341349731607
2079,117.00855981425144,6.9754484595245305
2080,11.96932096680783,2.6979580515535933
2081,3.9996830825638354,2.40223112394504
2082,67.19478799785281,7.510219446506133
2083,3.893619436156422,3.893619436156422
2084,87.68216010180868,4.97264932691555
2085,9.373761964087784,9.373761964087784
2086,41.532412610084855,3.462503222783933
2087,7.44026972368553,7.44026972368553
2088,41.367807526430134,8.13803590747474
2089,92.45753766043319,3.6581836501685756
2090,7.117786507724527,7.117786507724527
2091,5.2972422357383255,5.2972422357383255
2092,6.276498571253447,6.276498571253447
2093,6.333086345244014,2.8127414237798454
2094,28.711509009151477,5.508529034775559
2095,9.939123867042376,9.862647148446852
2096,137.7699600347953,3.8867818302723753
2097,20.613278246909545,2.4547944204100602
2098,10.110377073721615,5.776704376635751
2099,37.09140685412689,2.025452761425164
2100,108.99273169017223,1.9620172768609627
2101,8.597029927912601,5.201066350396068
2102,5.890498916022492,1.141149015927467
2103,9.649582291506274,1.691568914683321
2104,61.96202538339066,2.5467175730619784
2105,12.03568179584481,2.201053548326101
2106,5.937816899188495,2.76717660867932
2107,8.337190581278882,8.337190581278882
2108,12.634265911495806,7.72773328088271
2109,33.09375304929688,9.183575180146967
2110,14.135771906005417,6.152345481881119
2111,38.218404211009464,1.9475795915609706
2112,49.32068230941443,3.0450584205877678
2113,10.428352325432826,4.0616142587626065
2114,20.644871773619684,2.2036625965685306
2115,96.6164568699017,3.8806623469796375
2116,168.99653315390213,7.624313041782676
2117,4.522628070481031,4.522628070481031
2118,81.4837236746303,3.3394221899124967
2119,7.737102345188806,1.5976687088060397
2120,3.2983844161840987,9.469264782981098
2121,11.20697467182887,2.5797190981368403
2122,9.267475987745488,8.397801444588762
2123,11.223719527125857,6.383002253923496
2124,16.827541518705754,2.3557413007634422
2125,9.980093952197633,9.980093952197633
2126,8.147270404887694,8.147270404887694
2127,16.341721741204488,1.5603580719033217
2128,3.2335244577825963,1.1806191120746559
2129,12.687251702998134,3.508038565142155
2130,6.541916730946389,5.5631612570185585
2131,6.712619170144741,6.712619170144741
2132,5.33695697979022,3.7267185291965728
2133,9.449570438024347,5.016016072515379
2134,91.14932765735564,1.1655142086884152
2135,8.239407831883673,5.0489688512287945
2136,7.380523056378191,5.650909867253684
2137,7.132603923856689,7.132603923856689
2138,10.413060046576344,3.5078647002029273
2139,102.50818405331133,2.374290419113677
2140,37.391585306343416,7.097827839326692
2141,48.30823617079487,2.106605999758285
2142,10.447950643017968,5.373759202864977
2143,9.031449307348689,2.4170409083346978
2144,110.16418502527219,5.247643930231046
2145,17.659402173257533,2.032222479215461
2146,49.67523681956245,8.389475340242539
2147,42.87432742429798,2.945089428951629
2148,17.403694170600343,2.2655173909012194
2149,98.57986282958049,2.56362096942305
2150,22.257295940993316,5.3702205922560715
2151,9.11776961831382,2.650615550482509
2152,37.84305467840556,1.2615305938643868
2153,112.73912791575923,6.890980402180314
2154,17.894850579456477,3.730208619646928
2155,24.036336876431605,6.728594607096325
2156,9.016300679793861,9.016300679793861
2157,22.162472726010115,6.085518351518156
2158,9.9947564332567,1.424269997876505
2159,11.627238512827843,1.9470166537098907
2160,25.22277996812999,1.5289793290687002
2161,5.2401864833606835,1.561612940107652
2162,7.4581707150261245,4.886120634147474
2163,5.6473524615031385,4.517125113572359
2164,26.032729267052908,7.078116380124084
2165,7.454627193318218,7.454627193318218
2166,9.317148229607502,9.317148229607502
2167,6.149385884511082,2.2830068431889483
2168,5.00145765951843,4.967655888042842
2169,2.981891721681182,2.981891721681182
2170,211.00830114126856,3.10972039798708
2171,6.945295349045255,1.3140109759216712
2172,11.384924121161296,4.6727220263835845
2173,65.99218379895828,2.1000764604700146
2174,7.015789265673219,6.870478443547416
2175,14.005848819782242,2.244134642599569
2176,11.51720968391532,5.460362763401659
2177,4.15609637334656,4.15609637334656
2178,3.796265834243119,3.796265834243119
2179,1.895062859361589,1.2256810884740361
2180,14.584914138781949,1.95027800559117
2181,29.619462882350863,7.039028380688691
2182,45.47942893615659,2.0882354716121845
2183,9.429769254071434,7.659972096341828
2184,14.490890137450032,2.2600399895666996
2185,8.938015061790638,7.9596099536226985
2186,8.40571065289004,8.40571065289004
2187,15.66328178955045,3.0890067529263074
2188,27.62474115492452,1.2474751955903192
2189,22.274816652047875,1.6902959721579027
2190,478.07927435060253,4.313860094565199
2191,10.652711309592835,1.9474599696575825
2192,2.61392356117356,2.61392356117356
2193,11.60271799557793,7.342589624725971
2194,1.0867243512715887,1.0867243512715887
2195,16.273345819182563,2.148253172903749
2196,2.3919379284466094,1.8999928872465868
2197,15.964842906413232,3.6248716994403205
2198,14.214436838611215,1.8106654539276896
2199,7.544666190542889,7.544666190542889
2200,5.911847444049675,2.478739925754506
2201,203.46583811156398,9.430127122755147
2202,13.798397727017285,8.138220988597196
2203,161.02646076278884,6.943121035450196
2204,11.850948301405953,6.352284512056085
2205,10.401471696447672,2.4264037018051177
2206,175.68273621136913,1.8384153480778913
2207,2.3858117836840047,1.2614619779431728
2208,9.329700495130806,7.196809515683226
2209,3.8938657151360254,2.474315604925103
2210,5.876986512745582,5.876986512745582
2211,13.659041790287045,1.968015863936842
2212,6.007391156841241,6.007391156841241
2213,9.221012849736995,9.220677818058721
2214,105.49892799927676,3.328730154015914
2215,12.11215948986754,6.781863788425622
2216,18.534000416387236,4.167694406393515
2217,20.937979435912126,8.17949177697145
2218,20.975286222878164,2.107142149187519
2219,6.537038447882977,1.621932081623986
2220,30.863788496105826,4.059052349290087
2221,13.8438438581445,1.955873379239605
2222,7.362411150469471,7.362411150469471
2223,21.20827490073503,7.433798870882587
2224,10.050882974763054,1.4336564497548334
2225,3.102581187352941,1.1729879786441733
2226,25.65180642038181,3.2569760832191497
2227,4.069129384625094,4.069129384625094
2228,44.43489027819811,1.8544858743553996
2229,18.17708505302783,5.245191763997816
2230,24.830258755368344,3.4997554874213965
2231,9.066830913593407,9.066830913593407
2232,6.917552264881315,6.917552264881315
2233,3.0805645875965153,5.2618455777749915
2234,60.84877080050264,6.651620272950073
2235,19.409462027202615,2.9401346258161722
2236,6.370354556772526,6.370354556772526
2237,19.353764117677443,8.17166441043066
2238,6.752820890767428,6.752820890767428
2239,8.627083708742036,8.615564165969282
2240,75.24095582510127,1.71452329880849
2241,19.4691431734148,4.033608126526006
2242,40.29198944807782,7.106934559311725
2243,12.117314676428935,1.1710012174592612
2244,5.475989360190775,5.397599933586124
2245,14.832111241261734,4.880533477899757
2246,9.666024267741834,9.666024267741834
